✔ LP-1 resumable offsets, immutable logical identity, safe original receipt and inert text ranges (956.850833ms)
✔ LP-1-R1 minimal inventory, exact review hash, explicit takeover and old in-flight callback fence (708.611ms)
✔ stale and expired reviews reject durably; hostile declarations and raw images never become usable (723.307625ms)
✔ restart truncates unacknowledged tails, keeps staged offsets and original receipt ownership (833.75375ms)
✔ SIGKILL upload-before-write preserves only the journaled offset and missing suffix (1294.462375ms)
✔ SIGKILL upload-before-flush preserves only the journaled offset and missing suffix (999.418541ms)
✔ SIGKILL upload-after-flush preserves only the journaled offset and missing suffix (1105.408084ms)
✔ SIGKILL upload-before-offset-commit preserves only the journaled offset and missing suffix (1874.615709ms)
✔ SIGKILL upload-after-offset-commit preserves only the journaled offset and missing suffix (1005.213084ms)
✔ SIGKILL preparation-before-commit resolves the original finalize identity once (931.610958ms)
✔ SIGKILL preparation-after-commit resolves the original finalize identity once (897.670834ms)
✔ SIGKILL finalize-before-flush resolves the original finalize identity once (968.897084ms)
✔ SIGKILL finalize-after-flush resolves the original finalize identity once (929.74925ms)
✔ SIGKILL finalize-before-rename resolves the original finalize identity once (1061.495833ms)
✔ SIGKILL finalize-after-rename resolves the original finalize identity once (875.948834ms)
✔ SIGKILL finalize-after-directory-sync resolves the original finalize identity once (845.954708ms)
✔ SIGKILL finalize-before-register resolves the original finalize identity once (870.192792ms)
✔ SIGKILL asset-before-commit resolves the original finalize identity once (870.419917ms)
✔ SIGKILL asset-after-commit resolves the original finalize identity once (889.398083ms)
✔ SIGKILL transfer-before-commit keeps original owner or transfers exactly once (918.846ms)
✔ SIGKILL transfer-after-commit keeps original owner or transfers exactly once (816.062042ms)
✔ competing HTTP command identities stay exclusive through pending responses and SIGKILL restart (2317.927584ms)
✔ actual7ef07dd migration preserves all retained tables and verified rollback database (2662.577458ms)
✔ asset event replay and snapshots keep original bytes and dependencies across restart (1885.060292ms)
✔ staging symlinks are rejected without writing the target, and reservation pressure retains data (244.791ms)
✔ journal capacity failure cannot invent a pending command or replace its original rejection (854.315583ms)
✔ recovery inventory paginates minimal metadata and content pins detect later file changes (3999.463583ms)
✔ durable preparation waits for shared reader slots and retains original command ownership (400.58675ms)
✔ malformed owned manifest is a durable rejection and does not strand or accept the pending original (416.415708ms)
✔ history rejects missing authoritative dependency after proof, preserves old pixels and receipt (1380.315583ms)
✔ history rejects changed authoritative dependency after proof, preserves old pixels and receipt (1178.082333ms)
✔ history rejects same-byte-replacement authoritative dependency after proof, preserves old pixels and receipt (1200.307417ms)
✔ missing hidden/deleted and historical pixels are explicit recovery, never a re-decode on restart (1380.494917ms)
✔ actual SQLite FULL at acceptance never publishes image revision and same durable identity retries after restart (1636.229209ms)
✔ frozen export and a separate UI intent retain independent revisions (1059.510875ms)
✔ UI checkpoint SQLite FULL leaves prior preferences and receipt absent, exact retry succeeds (1443.960917ms)
✔ real import, transform, opacity, undo/redo, retained branch/checkpoint, restart and exact export (1659.928208ms)
✔ concurrent revisions, deleted identity, locks, masks, crop and canvas bounds are explicit (1753.170375ms)
✔ export freezes the selected image revision while a preceding queued edit commits, and blank export is explicit PNG (1259.241666ms)
✔ SIGKILL history-preparation-before-commit retains image command identity, complete transaction and exact restart pixels (1375.392125ms)
✔ SIGKILL history-preparation-after-commit retains image command identity, complete transaction and exact restart pixels (1268.765958ms)
✔ SIGKILL history-after-proofs retains image command identity, complete transaction and exact restart pixels (1395.501083ms)
✔ SIGKILL history-before-register retains image command identity, complete transaction and exact restart pixels (1483.570416ms)
✔ SIGKILL history-before-event retains image command identity, complete transaction and exact restart pixels (1382.20475ms)
✔ SIGKILL history-before-commit retains image command identity, complete transaction and exact restart pixels (1429.863208ms)
✔ SIGKILL history-after-commit retains image command identity, complete transaction and exact restart pixels (1260.137083ms)
✔ SIGKILL approved resampling image-edit-preparation-after-commit retains the exact command and expires uncommitted review authority (1607.37875ms)
✔ SIGKILL approved resampling history-after-proofs retains the exact command and expires uncommitted review authority (1604.254291ms)
✔ SIGKILL approved resampling image-edit-before-commit retains the exact command and expires uncommitted review authority (1671.672958ms)
✔ SIGKILL approved resampling image-edit-after-commit retains the exact command and expires uncommitted review authority (1909.709541ms)
✔ independent semantic patches and complete retained graph match all branches/checkpoints, pure restart/undo/redo cannot launch raster or network effects (2037.313333ms)
ℹ {"requiredRootCount":24,"retainedAssetCount":5,"retainedClosureCount":24,"originalHash":"sha256:a3cae590bdfbefccf2a213b088a3e46b88d5d05606a74eed120d546dcc2c80d9","branchHead":"303b9f91-b55b-4463-80fd-31cde4a8d669","zeroEffects":{"submit":0,"upload":0,"poll":0,"cancel":0,"fetch":0,"socket":0,"dns":0,"datagram":0}}
✔ previewed intrinsic image resampling creates new pixels only after explicit approval; exact versions survive undo/redo and stale review (1223.22275ms)
✔ flatten-copy review freezes selected stacking and actual full preview; hide is explicit, originals and branch remain (2275.422917ms)
✔ document-aligned masks remain attached through resampling and refuse implicit canvas remapping (1237.751458ms)
✔ review expires on session renewal, locked source refuses hiding and wrong kind cannot apply a prepared image (1180.091791ms)
✔ schema6 preserves actual approved schema5 pending preparation and verified rollback (1537.912584ms)
ℹ {"schema6Migration":{"backup":"schema5-backup-e010c763-596a-424c-bf4b-d98c7a31d348.sqlite","backupHash":"sha256:cb00e98a2b4370cf98f0ff127e1706d429066f7a3d28d7d0e426609828aaa01f","capability":"image-history-ui-v1","from":5,"manifest":{"asset_dependencies":{"count":"5","hash":"13faf3362eec48c09f602ccc94729528e67d20f3b468e483744b7da2d56ba46e"},"asset_preparations":{"count":"0","hash":"e3b0c44298fc1c149afbf4c8996fb92427ae41e4649b934ca495991b7852b855"},"assets":{"count":"2","hash":"252a4afd1b82a69a4860ab266ba2aa2989c65348a40beba673128da2e5243d87"},"checkpoints":{"count":"0","hash":"e3b0c44298fc1c149afbf4c8996fb92427ae41e4649b934ca495991b7852b855"},"client_bindings":{"count":"1","hash":"f3a4557df85606e13a806a55a6e6c5c03c9aa84eeca17d9641cdeeda4118fc8a"},"commands":{"count":"4","hash":"f3799fea4758059506120f819eb0b288d828047779f12f437b854d7694597cd6"},"documents":{"count":"1","hash":"85b9fdc2a02149a3f79ecf53f29f629f0768a0cd58a6c7366a5089d613e0936e"},"events":{"count":"0","hash":"e3b0c44298fc1c149afbf4c8996fb92427ae41e4649b934ca495991b7852b855"},"events_v2":{"count":"4","hash":"817aa296e8e79b8edaec0d4dd707b705d8831f1cc798754ec9362549711406b6"},"history":{"count":"1","hash":"a82476c8e88496314c3ac7551311aa787156f8dd5e1e67d55caca7b21b90a1ea"},"meta":{"count":"2","hash":"d87c92e425c23d08fa64c28dc999865857febec7939bc38326c00e4e19dde1cd"},"objects":{"count":"6","hash":"38c210b70501a5942a0fd573b04e36848e7e1c4b0d135bf5957bd89627f01fab"},"raster_preparations":{"count":"1","hash":"70fab261875c373e242a0291849e81451e5e97dd58bcdda6180eda6ed32e411f"},"raster_reviews":{"count":"1","hash":"458b0b1e5a4ecb0abbf1bc92b2a290f517c49b5bafcb3a1b00f92f4db92b6103"},"read_releases":{"count":"0","hash":"e3b0c44298fc1c149afbf4c8996fb92427ae41e4649b934ca495991b7852b855"},"roots":{"count":"11","hash":"6d8c53a0fd5c30036e5481ef39ccf871e94c1cac5b4bf0a6dd62be997e62952b"},"schema_migrations":{"count":"4","hash":"622aad40812e5c22d05105eb20ab3c635c0087efe15ee7e779a1c718dd048660"},"snapshot_roots":{"count":"0","hash":"e3b0c44298fc1c149afbf4c8996fb92427ae41e4649b934ca495991b7852b855"},"snapshots":{"count":"0","hash":"e3b0c44298fc1c149afbf4c8996fb92427ae41e4649b934ca495991b7852b855"},"sqlite_schema":"sha256:f6d2f1c9e0cd0a1a37a8fe6de297ea5bfd57c6c1d16db65c0579116c7af5f336","staged_assets":{"count":"3","hash":"e340f723f85e95e60cd21b299a01d64e51bedb1179f10e3fca0fcf62ffee2bfa"},"transfer_reviews":{"count":"0","hash":"e3b0c44298fc1c149afbf4c8996fb92427ae41e4649b934ca495991b7852b855"}},"manifestFile":"schema5-backup-e010c763-596a-424c-bf4b-d98c7a31d348.sqlite.manifest.json","rollback":{"compatibleExecutable":"92e5247ed3279f25292f8e312661bf3b12deffe7"},"strategy":"semantic-version-verified-backup-transactional-activation","to":6},"pending":{"command":{"schemaVersion":1,"commandId":"1740f332-706f-498b-b84e-953513b94415","clientId":"client_1","sessionId":"session_1","correlationId":"correlation_1","causationId":null,"transactionId":"988d82e4-d993-4999-9165-3069e76c4b4d","documentId":null,"expectedDocumentRevision":null,"expectedEntityVersions":{"hash":"sha256:10584db4c85cf1d5cbd2eda3429934a693b7c26268e63be96dbdb23d6dd42069","byteLength":"33","mediaType":"application/json"},"issuedAt":"2026-09-26T03:00:00.000Z","body":{"type":"PrepareRaster","assetId":"f0e3f8f7-4c81-45ec-a18d-357cf0974891"}},"hash":"sha256:15e99d877e22cb4d067791462c665238f681d082f385c698d52c67fd59dd6c25","operationId":"f1577276-c28f-45a8-8a46-40a5bb204143","phase":"preparing"},"oldRefusal":9,"rollback":{"epoch":"2","state":{"record":{"hash":"sha256:15e99d877e22cb4d067791462c665238f681d082f385c698d52c67fd59dd6c25","command":{"body":{"assetId":"f0e3f8f7-4c81-45ec-a18d-357cf0974891","type":"PrepareRaster"},"causationId":null,"clientId":"client_1","commandId":"1740f332-706f-498b-b84e-953513b94415","correlationId":"correlation_1","documentId":null,"expectedDocumentRevision":null,"expectedEntityVersions":{"byteLength":"33","hash":"sha256:10584db4c85cf1d5cbd2eda3429934a693b7c26268e63be96dbdb23d6dd42069","mediaType":"application/json"},"issuedAt":"2026-09-26T03:00:00.000Z","schemaVersion":1,"sessionId":"session_1","transactionId":"988d82e4-d993-4999-9165-3069e76c4b4d"},"receipt":{"commandId":"1740f332-706f-498b-b84e-953513b94415","documentRevision":null,"fromSeq":"5","status":"accepted","toSeq":"5","transactionId":"988d82e4-d993-4999-9165-3069e76c4b4d"}},"pending":null}}}
✔ schema6 preserves actual approved schema5 pending approval and verified rollback (1376.381833ms)
ℹ {"schema6Migration":{"backup":"schema5-backup-f54c2be6-e8be-400c-8b24-d62979ed4671.sqlite","backupHash":"sha256:992a9e78af2a5f031e1e9f0630a3c3e597bf20f2fa8c2f9ac4c725ca684d59fb","capability":"image-history-ui-v1","from":5,"manifest":{"asset_dependencies":{"count":"5","hash":"458c741e5954bf0995ec3ae8b3ea0da65e652d0fcdc2ac3b59fd285df70d5182"},"asset_preparations":{"count":"0","hash":"e3b0c44298fc1c149afbf4c8996fb92427ae41e4649b934ca495991b7852b855"},"assets":{"count":"2","hash":"3efbef9a931f8cdee980eb33c69b47a1978300ae347d88d4f34aee04a891ca49"},"checkpoints":{"count":"0","hash":"e3b0c44298fc1c149afbf4c8996fb92427ae41e4649b934ca495991b7852b855"},"client_bindings":{"count":"1","hash":"f703bb8ba830a981dbbd5e5964680e558aaf9f6555a57da7451a7cf0e11543df"},"commands":{"count":"4","hash":"72941cdf9bcf94c6fb003b6fdc05bdd8e2b795fb664074a12f8b2e5cfd875814"},"documents":{"count":"1","hash":"cde7d4751be003c6824b39ec31e21e22447c66db9aca551e91908d2706369d4f"},"events":{"count":"0","hash":"e3b0c44298fc1c149afbf4c8996fb92427ae41e4649b934ca495991b7852b855"},"events_v2":{"count":"4","hash":"a01b3f6e010cf8debe7dd80603139fc844cb852388a95ad66d6ffa96fe6b9c77"},"history":{"count":"1","hash":"f1745733d90683595f58956b1a33c9ec5769e00afa368006dded1ea93b7479b9"},"meta":{"count":"2","hash":"d87c92e425c23d08fa64c28dc999865857febec7939bc38326c00e4e19dde1cd"},"objects":{"count":"6","hash":"cce695259a57a110febb03d42243d5ce5af2e0b0378220808e908341fabbcf74"},"raster_preparations":{"count":"1","hash":"86f7831032c3ff7add1fd8e81869c57f3c85f98f87e015da67498b6624d290b3"},"raster_reviews":{"count":"1","hash":"345582834d2b427268d29262f40f29c165b33e474b5ed386104495db0768616f"},"read_releases":{"count":"0","hash":"e3b0c44298fc1c149afbf4c8996fb92427ae41e4649b934ca495991b7852b855"},"roots":{"count":"11","hash":"477343ee39e59740a8b6dd2ec93e53c2546170879857732552e1cd7beb9b0999"},"schema_migrations":{"count":"4","hash":"622aad40812e5c22d05105eb20ab3c635c0087efe15ee7e779a1c718dd048660"},"snapshot_roots":{"count":"0","hash":"e3b0c44298fc1c149afbf4c8996fb92427ae41e4649b934ca495991b7852b855"},"snapshots":{"count":"0","hash":"e3b0c44298fc1c149afbf4c8996fb92427ae41e4649b934ca495991b7852b855"},"sqlite_schema":"sha256:f6d2f1c9e0cd0a1a37a8fe6de297ea5bfd57c6c1d16db65c0579116c7af5f336","staged_assets":{"count":"3","hash":"c44f705b8f9cc858dc0f60fc447215b93f8fb9b16e38d7cd04af9764692eeb66"},"transfer_reviews":{"count":"0","hash":"e3b0c44298fc1c149afbf4c8996fb92427ae41e4649b934ca495991b7852b855"}},"manifestFile":"schema5-backup-f54c2be6-e8be-400c-8b24-d62979ed4671.sqlite.manifest.json","rollback":{"compatibleExecutable":"92e5247ed3279f25292f8e312661bf3b12deffe7"},"strategy":"semantic-version-verified-backup-transactional-activation","to":6},"pending":{"command":{"schemaVersion":1,"commandId":"c74564bf-9341-4db3-867b-cb39aafe27dd","clientId":"client_1","sessionId":"session_1","correlationId":"correlation_1","causationId":null,"transactionId":"91d35aaa-b2a7-4da6-b4b8-49b8222914ea","documentId":null,"expectedDocumentRevision":null,"expectedEntityVersions":{"hash":"sha256:10584db4c85cf1d5cbd2eda3429934a693b7c26268e63be96dbdb23d6dd42069","byteLength":"33","mediaType":"application/json"},"issuedAt":"2026-09-26T03:00:00.000Z","body":{"type":"ApproveRaster","assetId":"acff63d0-c370-4c01-8439-8321cb2b94e6","reviewId":"8b0f3967-1a1f-41ad-8dd6-d39175a92de4","reviewHash":"sha256:ea1a2343899d4a259811d768f666472651e92c1fc8ab347bcb281d4c4e2369e2"}},"hash":"sha256:2bd3264e5dd00706c788f38e4ee63593955f9ec9253d7cd47f394ae01edc1f91","operationId":"3e745e3a-d44a-401d-8f93-1a729d9c9d15","phase":"preparing"},"oldRefusal":9,"rollback":{"epoch":"2","state":{"record":{"hash":"sha256:2bd3264e5dd00706c788f38e4ee63593955f9ec9253d7cd47f394ae01edc1f91","command":{"body":{"assetId":"acff63d0-c370-4c01-8439-8321cb2b94e6","reviewHash":"sha256:ea1a2343899d4a259811d768f666472651e92c1fc8ab347bcb281d4c4e2369e2","reviewId":"8b0f3967-1a1f-41ad-8dd6-d39175a92de4","type":"ApproveRaster"},"causationId":null,"clientId":"client_1","commandId":"c74564bf-9341-4db3-867b-cb39aafe27dd","correlationId":"correlation_1","documentId":null,"expectedDocumentRevision":null,"expectedEntityVersions":{"byteLength":"33","hash":"sha256:10584db4c85cf1d5cbd2eda3429934a693b7c26268e63be96dbdb23d6dd42069","mediaType":"application/json"},"issuedAt":"2026-09-26T03:00:00.000Z","schemaVersion":1,"sessionId":"session_1","transactionId":"91d35aaa-b2a7-4da6-b4b8-49b8222914ea"},"receipt":{"code":"INVALID_INPUT","commandId":"c74564bf-9341-4db3-867b-cb39aafe27dd","currentRevision":null,"details":{"byteLength":"83","hash":"sha256:903e1f9b1e3d7cc9d4011a3d0bb14d42330c60032c0e9c535d6edc4c564e9fb9","mediaType":"application/json"},"status":"rejected"}},"pending":null}}}
✔ unknown future storage is inspected without mutation and returns explicit recovery guidance (704.806ms)
✔ schema6 capacity failure retains schema5 and every request, then retries safely (1144.880083ms)
✔ backup corruption fails verification before activation, retains evidence, and retries without changing requests (1207.858125ms)
✔ activation rechecks the verified database backup before publishing schema6 (1204.642792ms)
✔ activation rechecks the verified manifest backup before publishing schema6 (1120.043625ms)
✔ SIGKILL history-schema-before-backup preserves pending approval and restarts exactly (1093.165792ms)
✔ SIGKILL history-schema-backup-written preserves pending approval and restarts exactly (1121.73675ms)
✔ SIGKILL history-schema-backup-verified preserves pending approval and restarts exactly (1166.259042ms)
✔ SIGKILL history-schema-before-activation preserves pending approval and restarts exactly (1128.18025ms)
✔ SIGKILL history-schema-after-activation preserves pending approval and restarts exactly (1094.652292ms)
✔ UI and full Unicode drafts persist independently, stale generations survive, applying fences composition (1068.148542ms)
✔ UI transcript compaction retains current draft and all domain events, selection reconciliation is visible (5914.807584ms)
✔ public preview rejects duplicate-json-key and preserves source and namespace (720.779916ms)
✔ public preview rejects noncanonical-json and preserves source and namespace (676.9125ms)
✔ public preview rejects missing-final-LF and preserves source and namespace (686.064167ms)
✔ public preview rejects unknown-entity-field and preserves source and namespace (637.847583ms)
✔ public preview rejects wrong-projection and preserves source and namespace (658.396209ms)
✔ public preview rejects missing-required-history and preserves source and namespace (606.049541ms)
✔ public preview rejects duplicate-entity and preserves source and namespace (651.364708ms)
✔ public preview rejects duplicate-object and preserves source and namespace (596.119416ms)
✔ public preview rejects event-sequence-duplicate and preserves source and namespace (614.963792ms)
✔ public preview rejects source-event-mutation and preserves source and namespace (592.931834ms)
✔ public preview rejects event-beyond-highwater and preserves source and namespace (609.665625ms)
✔ public preview rejects root-hash-mismatch and preserves source and namespace (613.806083ms)
✔ public preview rejects unknown-root-field and preserves source and namespace (660.626916ms)
✔ public preview rejects descriptor-hash-mismatch and preserves source and namespace (596.862292ms)
✔ public preview rejects oversized-record and preserves source and namespace (619.566709ms)
✔ public preview rejects index-cycle and preserves source and namespace (601.718125ms)
✔ unknown format remains inspection-only with original source retained (704.005584ms)
✔ unknown format-extra remains inspection-only with original source retained (627.475458ms)
✔ unknown document remains inspection-only with original source retained (662.057833ms)
✔ unknown payload remains inspection-only with original source retained (646.881125ms)
✔ unknown record remains inspection-only with original source retained (675.775833ms)
✔ unknown entity remains inspection-only with original source retained (641.752416ms)
✔ changed history patch cannot publish a fresh editable namespace (1082.453708ms)
✔ shared acyclic index pages are accepted without duplicating their records (610.974666ms)
browser fixture ready 80
browser prior cursor { generation: 'prior', cursor: '0', epoch: null }
hydration fault missing-descriptor { error: 'TypeError: Failed to fetch' }
namespace descriptor 200 {
  byteLength: '342374',
  hash: 'sha256:be1c4e7c07c74887aa1087c2d0b7e82f18b296e27d7365c6a1578dfcaf521b6f',
  mediaType: 'application/x-ndjson'
}
hydration fault wrong-context { error: 'Error: Recovery context changed' }
namespace descriptor 200 {
  byteLength: '342374',
  hash: 'sha256:be1c4e7c07c74887aa1087c2d0b7e82f18b296e27d7365c6a1578dfcaf521b6f',
  mediaType: 'application/x-ndjson'
}
hydration fault missing-content { error: 'TypeError: Failed to fetch' }
namespace descriptor 200 {
  byteLength: '342374',
  hash: 'sha256:be1c4e7c07c74887aa1087c2d0b7e82f18b296e27d7365c6a1578dfcaf521b6f',
  mediaType: 'application/x-ndjson'
}
hydration fault truncated-content { error: 'Error: Content integrity check failed' }
✔ Chromium restart recovery hydrates a multi-chunk imported namespace before the cursor and survives missing or corrupt pages (7223.151417ms)
ℹ {"finding":"I-PF02","browser":"153.0.8010.12","cursor":"80","assets":3,"history":2,"checkpoints":70,"failedHydrationRetainsPrior":true,"externalRequests":[],"qualification":false}
SSE reached {
  published: {
    generation: '651e31ab-f58c-4241-8571-bd40b9f98d20',
    cursor: '11',
    epoch: '3'
  },
  failure: undefined
}
✔ Chromium SSE import uses its pinned context, publishes complete rows once and ignores duplicate delivery (2080.447667ms)
✔ Chromium snapshot plus tail includes all imported domain projections after server restart (5699.243458ms)
ℹ {"finding":"I-PF02","browser":"153.0.8010.12","snapshotRecovery":true,"namespaceRowsAgree":true,"externalRequests":[],"qualification":false}
✔ Chromium validates every retained namespace link despite recomputed descriptor and content, then preserves the cross-tab winner (4405.190625ms)
ℹ {"finding":"I-PF02","kind":"structural linkage, not hash/authenticity failure","browser":"153.0.8010.12","results":[{"fault":"missing-nonhead-history","result":{"error":"Error: Missing imported history link"},"rewroteDescriptorAndContent":true,"priorPreserved":true},{"fault":"dangling-history-parent","result":{"error":"Error: Missing imported history link"},"rewroteDescriptorAndContent":true,"priorPreserved":true},{"fault":"dangling-checkpoint-head","result":{"error":"Error: Missing imported history link"},"rewroteDescriptorAndContent":true,"priorPreserved":true},{"fault":"foreign-history-parent","result":{"error":"Error: Missing imported history link"},"rewroteDescriptorAndContent":true,"priorPreserved":true},{"fault":"foreign-checkpoint-head","result":{"error":"Error: Missing imported history link"},"rewroteDescriptorAndContent":true,"priorPreserved":true},{"fault":"missing-retained-composite","result":{"error":"Error: Missing imported asset link"},"rewroteDescriptorAndContent":true,"priorPreserved":true},{"fault":"dangling-asset-source","result":{"error":"Error: Missing imported asset link"},"rewroteDescriptorAndContent":true,"priorPreserved":true},{"fault":"history-cycle","result":{"error":"Error: Invalid imported history graph"},"rewroteDescriptorAndContent":true,"priorPreserved":true},{"fault":"asset-cycle","result":{"error":"Error: Invalid imported asset graph"},"rewroteDescriptorAndContent":true,"priorPreserved":true}],"healthyRetainedHistory":4,"healthyCheckpoints":3,"redo":"p_acab6b2ed83ce959aefa8daf887d832bf6b607a6541a404dfb7e70438b89887a","crossTabWinnerPreserved":true,"qualification":false}
✔ actual d4 accepted format1 namespace new copy is proven without rewriting original history (6927.654209ms)
ℹ {"finding":"I-PF01","priorExecutable":"d4ed761","legacy":"proven","originalArchive":"sha256:fce801dd1972f777d6f6691eb09d55b97374f772387733f86fcbb6a51b9dca64","acceptedNamespace":"68d59178-87e2-4814-94e3-7e584dd78b72","originalTransaction":{"commandId":"824370fc-3537-4c61-bd95-aa58d618290d","documentRevision":"2","fromSeq":"6","status":"accepted","toSeq":"7","transactionId":"fc11c6bd-5203-4683-b219-1cf5111403eb"},"preservedOriginal":true}
✔ actual d4 accepted format1 namespace new copy is truncated without rewriting original history (2370.447167ms)
ℹ {"finding":"I-PF01","priorExecutable":"d4ed761","legacy":"truncated","originalArchive":"sha256:7905a7f88307e2cf2cfb58f9e42faafa247e0b995c43e9b4c322d6dbc76de225","acceptedNamespace":"8aa0d2e8-cf83-42ad-a891-4a88ecdad939","originalTransaction":{"commandId":"7178e9ba-5a23-440e-b58e-d7402ff86714","documentRevision":"2","fromSeq":"6","status":"accepted","toSeq":"7","transactionId":"9cc7cc1a-da60-45c2-839a-10336dc7e176"},"preservedOriginal":true}
✔ actual d4 accepted format1 namespace new copy is foreign without rewriting original history (3092.518708ms)
ℹ {"finding":"I-PF01","priorExecutable":"d4ed761","legacy":"foreign","originalArchive":"sha256:a87fb311a43f7c2046f53f15b8b63171ec0e67ca39ca2337f4b03ba6f52a51cc","acceptedNamespace":"22b25c86-6489-409d-9cfc-ed64657a90b9","originalTransaction":{"commandId":"d69c61b0-c2d9-421b-89bd-50f4fc425ac8","documentRevision":"2","fromSeq":"6","status":"accepted","toSeq":"7","transactionId":"63fbf6f4-70b5-4251-a441-fabd2084ac29"},"preservedOriginal":true}
✔ actual d4 pending frozen capture upgrades from immutable receipts (1973.488416ms)
ℹ {"finding":"I-PF01","proven":true,"originalCommand":"a3708389-2ba4-41fc-bd8d-421f1a08ecf6","operation":"635027ff-c47c-4e66-b17d-2ef7cb22acbb","frozen":"{\"capture\":\"635027ff-c47c-4e66-b17d-2ef7cb22acbb\",\"captureHash\":\"sha256:7603c5a8739275a6d2dde34ff8f85d62048cf4d2daf4ca40716e48f969811fd2\",\"document\":{\"branchId\":\"2d2ca045-917f-4092-94a1-cfa9213b3ff4\",\"checkpoint\":null,\"color\":\"sRGB\",\"compositionVersion\":null,\"depth\":8,\"height\":2,\"historyHead\":\"db9133ce-1f05-4e2a-8862-dd8cb0efc51c\",\"id\":\"document_1\",\"image\":{\"compositeAssetId\":\"76cde4da-07a5-463d-8c6d-2eed656ff6c1\",\"semanticDigest\":\"sha256:37ce37fb0802f42a24996abed6db537f71a8a6f210e0528a6850506a35847d8a\",\"state\":{\"byteLength\":\"271\",\"hash\":\"sha256:239c85952f28292d1cd9ad8f9aa50986d2bbd70cf884d5b6498296606d040327\",\"mediaType\":\"application/json\"}},\"orderedLayerIds\":[\"picture\"],\"redo\":null,\"revision\":\"2\",\"width\":3},\"highWater\":\"8\",\"uiDigest\":\"sha256:e3b0c44298fc1c149afbf4c8996fb92427ae41e4649b934ca495991b7852b855\"}","receipt":{"commandId":"a3708389-2ba4-41fc-bd8d-421f1a08ecf6","documentRevision":"2","fromSeq":"9","status":"accepted","toSeq":"9","transactionId":"6f4c2806-374b-4e94-b053-339765313cb4"},"captureUnchanged":true}
✔ actual d4 pending frozen capture retains exact pending identity when evidence is unavailable (3337.242667ms)
ℹ {"finding":"I-PF01","proven":false,"originalCommand":"6870ea74-e968-49a6-870d-c89ddccd24d8","operation":"571348d8-3807-47b0-9415-81f284d0c895","frozen":"{\"capture\":\"571348d8-3807-47b0-9415-81f284d0c895\",\"captureHash\":\"sha256:87faf9486e2bac17fea4e7131c83b2e8ec2a8873513a592d6682a2dc013db10d\",\"document\":{\"branchId\":\"p_d4478fc1cb8712c014e8733eb2e8ff38f9ac2bc7426506b749629100106bd526\",\"checkpoint\":null,\"color\":\"sRGB\",\"compositionVersion\":null,\"depth\":8,\"height\":2,\"historyHead\":\"p_e73286f9ea1f1447feff09281f926bfd07678d13acad35adbe32161ea7cfbe8c\",\"id\":\"p_55ca43091f4ea20a5027a12d137f2b90a20fad4b5ee5757c78059efcaa345940\",\"image\":{\"compositeAssetId\":\"p_de294c4dac53b9c93243ccaf1d47391c50e119ce42246f85f730108845811345\",\"semanticDigest\":\"sha256:237c722e39ae3ee0798e56476149298c1721760fdadbfb3b2dda669b5603b05a\",\"state\":{\"byteLength\":\"360\",\"hash\":\"sha256:f3dc17d5c26a15b58b9eb9da6acef0afafbf9a20fe81a4275b619fbe05e8f8cb\",\"mediaType\":\"application/json\"}},\"orderedLayerIds\":[\"p_a68a91f8fa791c61c40ea5905619d09e26f20ed0d7870416d7b4f6ad1fe40fca\"],\"redo\":null,\"revision\":\"2\",\"width\":3},\"highWater\":\"2\",\"uiDigest\":\"sha256:e3b0c44298fc1c149afbf4c8996fb92427ae41e4649b934ca495991b7852b855\"}","receipt":null,"captureUnchanged":true}
✔ missing deleted-layer-pixels refuses copy and preserves all other current roots (1508.776083ms)
✔ missing hidden-branch-pixels refuses copy and preserves all other current roots (1589.017625ms)
✔ durable preparation remains pinned and cancellation releases only its owned pins after terminal rejection (904.885959ms)
✔ review UI mappings page every imported checkpoint without a session count cap (4700.969792ms)
ℹ UI checkpoints persisted
ℹ Archive copied
ℹ Archive reviewed
ℹ Mapping pages read
ℹ Fresh namespace accepted
✔ actual SQLite FULL preserves identity and source through same-authority-retry (11058.736667ms)
ℹ {"recovery":"same-authority-retry","sqlitePageLimit":662,"restoredFreePages":493,"fillerRows":437,"nativeSQLiteCode":13,"actualNamespaceRowsAfterFailure":0,"observedFailure":"STORAGE_FULL","sourceTablesPreserved":["documents","history","checkpoints","objects","roots","commands","events_v2","assets","asset_dependencies","ui_checkpoints","ui_events","ui_receipts","staged_assets","portable_reviews","portable_review_sources","portable_review_maps","portable_pins"],"originalSourcePreserved":true,"originalCommandId":"6d685ea0-409e-4b6c-9c77-4fe8aa63d557","originalCommandHash":"sha256:522ae4ec12a663c181aaaad3636c0f32ad2686bf2d118b0d2efb56b34779c922","originalOperationId":"9e5b8dcf-bd2a-4aca-b6a0-bd1b17f449c8","originalReviewId":"e942d3df-0969-437a-92d4-3b06825c9e6d","acceptedCommandId":"6d685ea0-409e-4b6c-9c77-4fe8aa63d557","acceptedReviewId":"e942d3df-0969-437a-92d4-3b06825c9e6d","sameOriginalIdentityPreserved":true,"singleNamespace":true,"singleAcceptedEvent":true,"restartRequiresFreshReview":false}
✔ actual SQLite FULL preserves identity and source through restart-expired-review (11831.716083ms)
ℹ {"recovery":"restart-expired-review","sqlitePageLimit":662,"restoredFreePages":493,"fillerRows":437,"nativeSQLiteCode":13,"actualNamespaceRowsAfterFailure":0,"observedFailure":"STORAGE_FULL","sourceTablesPreserved":["documents","history","checkpoints","objects","roots","commands","events_v2","assets","asset_dependencies","ui_checkpoints","ui_events","ui_receipts","staged_assets","portable_reviews","portable_review_sources","portable_review_maps","portable_pins"],"originalSourcePreserved":true,"originalCommandId":"b8c86042-70e4-4d75-9a2b-4589f434c9d9","originalCommandHash":"sha256:d8974370ff4adedce2c8b8c7c262fe9c12528a9484f1d43ca71014cd275e6c42","originalOperationId":"3d713f5a-94a2-4960-8a67-0f1ba5b7f396","originalReviewId":"46e812e7-f979-4ca9-91a7-832d0670e1e6","acceptedCommandId":"f691b81e-464b-4d6a-a848-b7e6e7e7413b","acceptedReviewId":"c4f96dac-b183-4043-99ce-7acd0d367a97","sameOriginalIdentityPreserved":true,"singleNamespace":true,"singleAcceptedEvent":true,"restartRequiresFreshReview":true}
✔ empty document real HTTP copy, review, fresh namespace import and exact retry (960.951125ms)
✔ image retained pixels and old branch reopen in fresh namespace (2548.520666ms)
✔ restored draft apply clear recopy retains exact history ownership and dedup (4156.033542ms)
ℹ {"finding":"I-PF03","restart":false,"owner":"ui:2a7eacad-ab21-4000-9b1d-0c81024d5f4f:p_f80e387e1bc7434916310834da3f95422485c6001a46d024204f17d67cfcf3b6:p_415299b01b9d944d5c89fc99e1abef8c99c8ad955ee2cfd05e9248ec036a9d12:1","blob":{"byteLength":"37","hash":"sha256:370464cc0108380974debab23abc46ccfd4dbeae26fd5437e15a65d2edb2023d","mediaType":"text/plain"},"importReceipt":{"commandId":"f05e2c38-9682-4f99-a8b9-f237aa315cd0","documentRevision":"2","fromSeq":"13","status":"accepted","toSeq":"13","transactionId":"461aeb1e-f698-4a08-8852-374f9fc8c77e"},"applyReceipt":{"commandId":"b92b63b2-2e4d-478d-b65d-62117c78b432","documentRevision":"3","fromSeq":"14","status":"accepted","toSeq":"14","transactionId":"ecba0bad-1671-4cd8-890c-91ea1b28fa0e"},"recopy":{"byteLength":"64431","hash":"sha256:5a72684a14ebb83af9fab6fe8b4a190539b553c268588bae20931579bd499e14","mediaType":"application/x-ideogram-project"},"reopened":"p_a266228cad4b1bdfb763dc8520a093d6fa8c566db61fa3e4b366b8877b29dbf0","unrelatedExcluded":true}
✔ restored draft apply clear recopy retains exact history ownership across restart (4341.655417ms)
ℹ {"finding":"I-PF03","restart":true,"owner":"ui:c2ae81bc-a255-4323-a82c-1b43cf8ee5b7:p_7ed2ab3e9e6419ec686d820397898ba403726503c5a94a60e7db275309a49624:p_4ef7420d8e57f49ad2755ca93320f137d7dd3eb874f4768f96e2579ec30dfa2f:1","blob":{"byteLength":"37","hash":"sha256:370464cc0108380974debab23abc46ccfd4dbeae26fd5437e15a65d2edb2023d","mediaType":"text/plain"},"importReceipt":{"commandId":"115c4224-8602-40eb-8a31-66a3736892ca","documentRevision":"2","fromSeq":"13","status":"accepted","toSeq":"13","transactionId":"f8522ba8-b423-41f4-a906-d593e715df06"},"applyReceipt":{"commandId":"c8959db7-1049-4376-837b-ab36201ac088","documentRevision":"3","fromSeq":"14","status":"accepted","toSeq":"14","transactionId":"f75479f4-5b28-41d8-a0d0-96bd265b78b3"},"recopy":{"byteLength":"64431","hash":"sha256:c10e5928f10c9581b4026110d0dc0a576da76c87877626ed69650a9cf15b5b59","mediaType":"application/x-ideogram-project"},"reopened":"p_35aeac3390c0299983b053eecd489aa40dafccc7cfd63932e45d882aeff3c256","unrelatedExcluded":true}
✔ required current mapped draft ownership still fails explicitly when missing (2244.140625ms)
✔ required accepted-history mapped draft ownership still fails explicitly when missing (2320.671167ms)
✔ failed atomic import leaves no mapped draft owner or partial namespace and retains original roots (3151.95375ms)
✔ copy retains mask, deleted layer, inactive branches, checkpoint, export and exact source events; reopen restarts and navigates all (4817.945917ms)
ℹ {"retainedHistoryNodes":5,"retainedAssetIds":9,"sourceEventCount":12,"literalPixelOracles":true,"sourceTransactionsPreserved":true,"namespaceFresh":true,"providerEffects":0}
✔ real non-sparse STORE bytes exceed 4 GiB and a following entry uses an actual 64-bit offset (5251.616583ms)
ℹ {"fixture":"real repeated nonzero bytes; no sparse file or forged size","payloadBytes":"4296015889","archiveBytes":"4296016564","allocatedBytes":4296019968,"maxIOChunk":1048576,"peakRSS":183369728,"fullTestMs":5192.369625,"qualification":false,"limits":"ZIP transport correctness only; not the R39 document campaign"}
✔ real canonical JSONL index exceeds 128 MiB in bounded writer/parser segments (10631.349334ms)
ℹ {"fixture":"synthetic canonical checkpoint records, real bytes","eventRecordCount":10000,"eventIndexBytes":"150650050","eventSegments":2,"rootSegments":3,"peakRSS":398737408,"elapsedMs":7697.096625000001,"qualification":false,"limits":"segmented index transport/parser only; not a coherent full document or 100k-operation campaign"}
✔ actual d84 two-document clear, supersede, retarget, reuse and count/age compaction retain only scoped required drafts (7600.663625ms)
ℹ {"priorExecutable":"d84c1de55709bbd957222cac854905c41583a4e4","sourceUISeq":"1018","sourceObjects":18,"scopeA":["current_a","history_owned"],"scopeB":["current_b","reused_b"],"sourcePreserved":true}
✔ legacy required current-bytes failure refuses a complete-copy claim (6229.181958ms)
✔ legacy required history-ownership failure refuses a complete-copy claim (6072.887458ms)
✔ real SIGKILL portable-preparation-before-commit preserves pinned copy identity and exact retry (1072.55025ms)
✔ real SIGKILL portable-preparation-after-commit preserves pinned copy identity and exact retry (990.356417ms)
✔ real SIGKILL portable-export-before-commit preserves pinned copy identity and exact retry (1104.481583ms)
✔ real SIGKILL portable-before-commit preserves pinned copy identity and exact retry (1026.416041ms)
✔ real SIGKILL portable-after-commit preserves pinned copy identity and exact retry (1141.299042ms)
✔ real SIGKILL portable-import-after-proofs publishes all fresh namespace or none (1159.943208ms)
✔ real SIGKILL portable-import-before-commit publishes all fresh namespace or none (1233.141542ms)
✔ real SIGKILL portable-import-after-commit publishes all fresh namespace or none (1188.154375ms)
✔ source changed after validation preserves namespace and existing shared bytes (974.656208ms)
✔ source replaced after validation preserves namespace and existing shared bytes (1070.803333ms)
✔ source missing after validation preserves namespace and existing shared bytes (1122.214791ms)
✔ inert provider provenance retains oversized exact prompts and result bytes across import, copy and restart with zero effects (2932.863ms)
ℹ {"promptBytes":17825805,"exactUTF8":true,"bodyHashTraversed":false,"providerEffects":0,"qualification":false}
✔ portable provider headers cannot become an editable namespace (739.361708ms)
✔ portable provider transportURL cannot become an editable namespace (714.016375ms)
✔ portable provider backendClass cannot become an editable namespace (705.602292ms)
✔ portable provider bodyReachability cannot become an editable namespace (702.581417ms)
✔ portable provider invalidUTF8 cannot become an editable namespace (750.864458ms)
✔ portable provider incomplete cannot become an editable namespace (705.628375ms)
✔ portable provider timings-array cannot become an editable namespace (722.019833ms)
✔ known transport-contaminated prompt hash is inspection-only without altering the exact staged original (685.825458ms)
✔ provider artifact-hash metadata has no invented 200-item format cap (790.819ms)
✔ pinned concurrent history and UI, draft isolation, exact reopen/export and original-command retry (4107.867875ms)
✔ review authority, namespace collision, source integrity and ranges are checked at public boundary (908.318375ms)
✔ public trailing workspace event preserves domain revision evidence: revision-tail-control-2.zip (1511.648459ms)
ℹ {"finding":"I-PF01","originalReviewerArchive":"revision-tail-control-2.zip","archiveHash":"sha256:23ef675fb48394f2396e233c2e9326a801f46e33acfa6d8ea8206dae3630a94e","previewReceipt":{"commandId":"8cc3ecf6-d231-43b5-8505-f2e3f17ce062","documentRevision":null,"fromSeq":"2","status":"accepted","toSeq":"2","transactionId":"e86d16ee-439d-4492-a216-2d5f1394794f"},"importReceipt":{"commandId":"4ab13217-0b15-43e6-8fa8-5ada6a775931","documentRevision":"3","fromSeq":"3","status":"accepted","toSeq":"3","transactionId":"8ea9def0-90d8-45d3-ad43-0c786f961788"},"sourcePreserved":true}
✔ public trailing workspace event preserves domain revision evidence: format2-domain-revision-hidden-by-tail.zip (591.906875ms)
ℹ {"finding":"I-PF01","originalReviewerArchive":"format2-domain-revision-hidden-by-tail.zip","archiveHash":"sha256:c43bb855a4fadc6410ec1801103fb2f361281cb49d653d56fe43e788105c153c","previewReceipt":{"code":"INVALID_INPUT","commandId":"9239e3d8-0bf1-42ee-9dfc-8cc79cf5e6a3","currentRevision":null,"details":{"byteLength":"88","hash":"sha256:1aebc6e65987f024383db6bf2136acc10ce36bcbd03d6bcc0addcef6792468fc","mediaType":"application/json"},"status":"rejected"},"importReceipt":null,"sourcePreserved":true}
✔ public trailing workspace event preserves domain revision evidence: revision-tail-control-null.zip (527.292917ms)
ℹ {"finding":"I-PF01","originalReviewerArchive":"revision-tail-control-null.zip","archiveHash":"sha256:9770d1a9ace1cc6f5e2993ce77d9f7ff1910029cd59237623e70d0fa7a326283","previewReceipt":{"code":"INVALID_INPUT","commandId":"a49095c4-1334-4319-83bf-6514ee27fd8c","currentRevision":null,"details":{"byteLength":"88","hash":"sha256:1aebc6e65987f024383db6bf2136acc10ce36bcbd03d6bcc0addcef6792468fc","mediaType":"application/json"},"status":"rejected"},"importReceipt":null,"sourcePreserved":true}
✔ actual nonmutating document receipt retains revision with no domain event in a complete copy (2647.379ms)
ℹ {"finding":"I-PF01","noDomainEvents":true,"sourceReceipt":{"commandId":"7c4e37c9-f5ca-4eef-8697-4aee8fd3d918","documentRevision":"2","fromSeq":"8","status":"accepted","toSeq":"8","transactionId":"cd7b9bfb-25ec-449c-882e-099baaadcd6f"},"importReceipt":{"commandId":"0b1c1361-f0d6-4161-85c2-69156e8dcac7","documentRevision":"2","fromSeq":"2","status":"accepted","toSeq":"2","transactionId":"5217a4ff-56e1-4c3b-8b4e-827bfea96af6"}}
✔ public preview rejects conflicting domain revisions inside one otherwise contiguous transaction (1029.744041ms)
ℹ {"finding":"I-PF01","conflictingDomainRevisions":["2","3"],"receipt":{"code":"INVALID_INPUT","commandId":"b780d6e4-71ea-4cff-bb74-43744e57f6e4","currentRevision":null,"details":{"byteLength":"88","hash":"sha256:1aebc6e65987f024383db6bf2136acc10ce36bcbd03d6bcc0addcef6792468fc","mediaType":"application/json"},"status":"rejected"}}
✔ schema7 preserves actual approved schema6 pending preparation and verified rollback (1570.242125ms)
ℹ {"schema7Migration":{"backup":"schema6-backup-e280da36-7269-45dd-aa82-0f32b2de45c1.sqlite","backupHash":"sha256:6bdd5e7339b0dc0c2f50582db58bac77892d04aa6ddfabf930935dbc23e45978","capability":"portable-copy-v1","from":6,"manifest":{"asset_dependencies":{"count":"5","hash":"c86a0ace95d1e1b413a6c6f69ab3d7a279cc31465aa7387c3a7205f346d1b1e4"},"asset_preparations":{"count":"0","hash":"e3b0c44298fc1c149afbf4c8996fb92427ae41e4649b934ca495991b7852b855"},"assets":{"count":"2","hash":"860ff43760ab0d80be08219c868bcdcf19b65216a022d2d8d71b77c11541f374"},"checkpoints":{"count":"0","hash":"e3b0c44298fc1c149afbf4c8996fb92427ae41e4649b934ca495991b7852b855"},"client_bindings":{"count":"1","hash":"926ac7a0b8d36ff75d5edf7026b2e5680caa7973f96ba4a91688cd92fab6cb24"},"commands":{"count":"4","hash":"92c8e54175a3aa2855f7e7f54dad62841f9954cf51691b6154424fcf5ac8298d"},"documents":{"count":"1","hash":"8a3bb3e310ac838b987c90b8cee478c37b076a62040463b9b4386e0db97b4ed4"},"events":{"count":"0","hash":"e3b0c44298fc1c149afbf4c8996fb92427ae41e4649b934ca495991b7852b855"},"events_v2":{"count":"4","hash":"202e54add0721ac28d4037547d05085dfb869773f384c5535f0563e99cde3033"},"history":{"count":"1","hash":"92aed98e38fee031e1b776349dc736f0c06d1112edc1b36d447dc8d0c7d4b2bd"},"history_preparations":{"count":"0","hash":"e3b0c44298fc1c149afbf4c8996fb92427ae41e4649b934ca495991b7852b855"},"image_edit_reviews":{"count":"0","hash":"e3b0c44298fc1c149afbf4c8996fb92427ae41e4649b934ca495991b7852b855"},"image_previews":{"count":"0","hash":"e3b0c44298fc1c149afbf4c8996fb92427ae41e4649b934ca495991b7852b855"},"meta":{"count":"2","hash":"d87c92e425c23d08fa64c28dc999865857febec7939bc38326c00e4e19dde1cd"},"objects":{"count":"6","hash":"632d962f0cb23b0c189b0d66051bc016e4fec35ffdd7e4ccd30f36f25af6386f"},"raster_preparations":{"count":"1","hash":"4af7ff412d78be6714ddbb49fcf8d20c21d7ea6e92c896039abc6b820223d755"},"raster_reviews":{"count":"1","hash":"d14212ce57f90ba2d19974f2ae86af81b1b7e9996eed903d74a0a26798955cee"},"read_releases":{"count":"0","hash":"e3b0c44298fc1c149afbf4c8996fb92427ae41e4649b934ca495991b7852b855"},"roots":{"count":"11","hash":"23c982b96de5322ddc706966d5b4f37ab38e77013443fb83528fcf654265ed74"},"schema_migrations":{"count":"5","hash":"a65fd6ae990f80d394cdf8e1181150dfa97e7dbdf1bb5deb35badb5de309e28f"},"snapshot_roots":{"count":"0","hash":"e3b0c44298fc1c149afbf4c8996fb92427ae41e4649b934ca495991b7852b855"},"snapshots":{"count":"0","hash":"e3b0c44298fc1c149afbf4c8996fb92427ae41e4649b934ca495991b7852b855"},"sqlite_schema":"sha256:f80ac91509af8f313d4fc93d63135aa523ec81b08e908d70cd1e79f13d2681f4","staged_assets":{"count":"3","hash":"672f27a162e2aadafe073f22d6bcf743672340c1282d5a1902267afdcfee41b0"},"transfer_reviews":{"count":"0","hash":"e3b0c44298fc1c149afbf4c8996fb92427ae41e4649b934ca495991b7852b855"},"ui_checkpoints":{"count":"0","hash":"e3b0c44298fc1c149afbf4c8996fb92427ae41e4649b934ca495991b7852b855"},"ui_events":{"count":"0","hash":"e3b0c44298fc1c149afbf4c8996fb92427ae41e4649b934ca495991b7852b855"},"ui_receipts":{"count":"0","hash":"e3b0c44298fc1c149afbf4c8996fb92427ae41e4649b934ca495991b7852b855"}},"manifestFile":"schema6-backup-e280da36-7269-45dd-aa82-0f32b2de45c1.sqlite.manifest.json","rollback":{"compatibleExecutable":"d84c1de55709bbd957222cac854905c41583a4e4"},"strategy":"semantic-version-verified-backup-transactional-activation","to":7},"pending":{"command":{"schemaVersion":1,"commandId":"c658615d-0d1b-4352-be2a-023cc618621b","clientId":"client_1","sessionId":"session_1","correlationId":"correlation_1","causationId":null,"transactionId":"70f0d1f6-3568-4cea-a8fc-2f48942bcfd7","documentId":null,"expectedDocumentRevision":null,"expectedEntityVersions":{"hash":"sha256:10584db4c85cf1d5cbd2eda3429934a693b7c26268e63be96dbdb23d6dd42069","byteLength":"33","mediaType":"application/json"},"issuedAt":"2026-09-26T03:00:00.000Z","body":{"type":"PrepareRaster","assetId":"d6704059-2dcc-4773-9172-778a62b385c9"}},"hash":"sha256:41f90c9fb8c95d9c4198596e8f625295a9285bd34529d2aa003e01e22d0c4902","operationId":"f4270358-719e-4878-912c-fc2c773514a7","phase":"preparing"},"oldRefusal":9,"rollback":{"epoch":"2","state":{"record":{"hash":"sha256:41f90c9fb8c95d9c4198596e8f625295a9285bd34529d2aa003e01e22d0c4902","command":{"body":{"assetId":"d6704059-2dcc-4773-9172-778a62b385c9","type":"PrepareRaster"},"causationId":null,"clientId":"client_1","commandId":"c658615d-0d1b-4352-be2a-023cc618621b","correlationId":"correlation_1","documentId":null,"expectedDocumentRevision":null,"expectedEntityVersions":{"byteLength":"33","hash":"sha256:10584db4c85cf1d5cbd2eda3429934a693b7c26268e63be96dbdb23d6dd42069","mediaType":"application/json"},"issuedAt":"2026-09-26T03:00:00.000Z","schemaVersion":1,"sessionId":"session_1","transactionId":"70f0d1f6-3568-4cea-a8fc-2f48942bcfd7"},"receipt":{"commandId":"c658615d-0d1b-4352-be2a-023cc618621b","documentRevision":null,"fromSeq":"5","status":"accepted","toSeq":"5","transactionId":"70f0d1f6-3568-4cea-a8fc-2f48942bcfd7"}},"pending":null}}}
✔ schema7 preserves actual approved schema6 pending approval and verified rollback (1295.590042ms)
ℹ {"schema7Migration":{"backup":"schema6-backup-e8642eee-3b93-4e29-b26b-6b203ece2eef.sqlite","backupHash":"sha256:ae5af94a46adc22ab9649dd556c71e95359aec3b85425379d1bcf6156255c7f8","capability":"portable-copy-v1","from":6,"manifest":{"asset_dependencies":{"count":"5","hash":"24f9fa1f2b66d8999fe82e49fde775eb9c3cf7e47d4ca92ccff558931e81892a"},"asset_preparations":{"count":"0","hash":"e3b0c44298fc1c149afbf4c8996fb92427ae41e4649b934ca495991b7852b855"},"assets":{"count":"2","hash":"82860c9355c3ed2a1320157807df925d82b68a3c3bb4b88116eddb6874913ba5"},"checkpoints":{"count":"0","hash":"e3b0c44298fc1c149afbf4c8996fb92427ae41e4649b934ca495991b7852b855"},"client_bindings":{"count":"1","hash":"3946f8392655bc3a43beec94f6542c15f1827622a7546732e21973465098f2c7"},"commands":{"count":"4","hash":"2b642eb716ac7f71b1645faa99f328be9267e74eab947e0d75ce32dbd8c8e24a"},"documents":{"count":"1","hash":"ba20d1011326383d2db52484d5039fa1b6241aebadeb0de78ef3845d0c642f59"},"events":{"count":"0","hash":"e3b0c44298fc1c149afbf4c8996fb92427ae41e4649b934ca495991b7852b855"},"events_v2":{"count":"4","hash":"3619badac78580b8e96fdd3d2015399066f843d7dc736b1a4009ea6b96401392"},"history":{"count":"1","hash":"e956a59b1eb3c3a8c49574dc7a6a5d82f459c6107f6bcd9e253db5fd363fc0b5"},"history_preparations":{"count":"0","hash":"e3b0c44298fc1c149afbf4c8996fb92427ae41e4649b934ca495991b7852b855"},"image_edit_reviews":{"count":"0","hash":"e3b0c44298fc1c149afbf4c8996fb92427ae41e4649b934ca495991b7852b855"},"image_previews":{"count":"0","hash":"e3b0c44298fc1c149afbf4c8996fb92427ae41e4649b934ca495991b7852b855"},"meta":{"count":"2","hash":"d87c92e425c23d08fa64c28dc999865857febec7939bc38326c00e4e19dde1cd"},"objects":{"count":"6","hash":"788513cf8db1d8308e43691267dd9d8eacf3e9462487a3e90ab92bdb1d296aca"},"raster_preparations":{"count":"1","hash":"9425ce73dc40e00a033190f11420e8f884905a7ca51d4f45c49c28c20163f37c"},"raster_reviews":{"count":"1","hash":"4c06dcbce73050ad66209ba259935cfabbfc22763d178b7c08c4a7801c9aae57"},"read_releases":{"count":"0","hash":"e3b0c44298fc1c149afbf4c8996fb92427ae41e4649b934ca495991b7852b855"},"roots":{"count":"11","hash":"2cfd1f0f995292df8a43f0ab2b8e600c5ac98784a37b38144514f26a504738a8"},"schema_migrations":{"count":"5","hash":"a65fd6ae990f80d394cdf8e1181150dfa97e7dbdf1bb5deb35badb5de309e28f"},"snapshot_roots":{"count":"0","hash":"e3b0c44298fc1c149afbf4c8996fb92427ae41e4649b934ca495991b7852b855"},"snapshots":{"count":"0","hash":"e3b0c44298fc1c149afbf4c8996fb92427ae41e4649b934ca495991b7852b855"},"sqlite_schema":"sha256:f80ac91509af8f313d4fc93d63135aa523ec81b08e908d70cd1e79f13d2681f4","staged_assets":{"count":"3","hash":"b3c0ee019b1b6fdc494b39b639884c3ffc64793686ed0151170b0a6d05062ec8"},"transfer_reviews":{"count":"0","hash":"e3b0c44298fc1c149afbf4c8996fb92427ae41e4649b934ca495991b7852b855"},"ui_checkpoints":{"count":"0","hash":"e3b0c44298fc1c149afbf4c8996fb92427ae41e4649b934ca495991b7852b855"},"ui_events":{"count":"0","hash":"e3b0c44298fc1c149afbf4c8996fb92427ae41e4649b934ca495991b7852b855"},"ui_receipts":{"count":"0","hash":"e3b0c44298fc1c149afbf4c8996fb92427ae41e4649b934ca495991b7852b855"}},"manifestFile":"schema6-backup-e8642eee-3b93-4e29-b26b-6b203ece2eef.sqlite.manifest.json","rollback":{"compatibleExecutable":"d84c1de55709bbd957222cac854905c41583a4e4"},"strategy":"semantic-version-verified-backup-transactional-activation","to":7},"pending":{"command":{"schemaVersion":1,"commandId":"fd2a60c1-ad71-4620-bdf9-69f2d99ae40f","clientId":"client_1","sessionId":"session_1","correlationId":"correlation_1","causationId":null,"transactionId":"c06869ce-37ed-46d9-84bc-8a39c6ca3d00","documentId":null,"expectedDocumentRevision":null,"expectedEntityVersions":{"hash":"sha256:10584db4c85cf1d5cbd2eda3429934a693b7c26268e63be96dbdb23d6dd42069","byteLength":"33","mediaType":"application/json"},"issuedAt":"2026-09-26T03:00:00.000Z","body":{"type":"ApproveRaster","assetId":"0731cec1-3ba4-4314-a4c3-55870623ed6c","reviewId":"284b2363-42b6-4d6f-9ce2-f2d61d7fde17","reviewHash":"sha256:6fb7ee9da7468d42f8948b03dd94645c7ec1699703cdf0bd57016baaa41805a8"}},"hash":"sha256:d2aabc336de50287c29bf0a1f596e2128b479d08d637eac82d83bd779b72b1ec","operationId":"ebfe1ef2-540b-4501-91dd-1ce57665497b","phase":"preparing"},"oldRefusal":9,"rollback":{"epoch":"2","state":{"record":{"hash":"sha256:d2aabc336de50287c29bf0a1f596e2128b479d08d637eac82d83bd779b72b1ec","command":{"body":{"assetId":"0731cec1-3ba4-4314-a4c3-55870623ed6c","reviewHash":"sha256:6fb7ee9da7468d42f8948b03dd94645c7ec1699703cdf0bd57016baaa41805a8","reviewId":"284b2363-42b6-4d6f-9ce2-f2d61d7fde17","type":"ApproveRaster"},"causationId":null,"clientId":"client_1","commandId":"fd2a60c1-ad71-4620-bdf9-69f2d99ae40f","correlationId":"correlation_1","documentId":null,"expectedDocumentRevision":null,"expectedEntityVersions":{"byteLength":"33","hash":"sha256:10584db4c85cf1d5cbd2eda3429934a693b7c26268e63be96dbdb23d6dd42069","mediaType":"application/json"},"issuedAt":"2026-09-26T03:00:00.000Z","schemaVersion":1,"sessionId":"session_1","transactionId":"c06869ce-37ed-46d9-84bc-8a39c6ca3d00"},"receipt":{"code":"INVALID_INPUT","commandId":"fd2a60c1-ad71-4620-bdf9-69f2d99ae40f","currentRevision":null,"details":{"byteLength":"83","hash":"sha256:903e1f9b1e3d7cc9d4011a3d0bb14d42330c60032c0e9c535d6edc4c564e9fb9","mediaType":"application/json"},"status":"rejected"}},"pending":null}}}
✔ unknown future storage is inspected without mutation and returns explicit recovery guidance (688.71975ms)
✔ schema7 capacity failure retains schema6 and every request, then retries safely (1127.012791ms)
✔ backup corruption fails verification before activation, retains evidence, and retries without changing requests (1023.475542ms)
✔ activation rechecks the verified database backup before publishing schema7 (1012.028375ms)
✔ activation rechecks the verified manifest backup before publishing schema7 (1012.97475ms)
✔ SIGKILL portable-schema-before-backup preserves pending approval and restarts exactly (988.813417ms)
✔ SIGKILL portable-schema-backup-written preserves pending approval and restarts exactly (1017.536708ms)
✔ SIGKILL portable-schema-backup-verified preserves pending approval and restarts exactly (1082.124375ms)
✔ SIGKILL portable-schema-before-activation preserves pending approval and restarts exactly (1311.288291ms)
✔ SIGKILL portable-schema-after-activation preserves pending approval and restarts exactly (1158.897542ms)
✔ schema8 fences the actual d4 writer and verifies schema7 rollback including pending portable captures (2188.797083ms)
ℹ {"migration":{"backup":"schema7-backup-fc3a47ec-b257-4f5a-b198-4258d9a4c7f9.sqlite","backupHash":"sha256:d3c48711324f8dee669c23db8e3da2614fca114e310cd037031cd29a63f71695","capability":"portable-copy-v2-transaction-bounds","from":7,"manifest":{"asset_dependencies":{"count":"0","hash":"e3b0c44298fc1c149afbf4c8996fb92427ae41e4649b934ca495991b7852b855"},"asset_preparations":{"count":"0","hash":"e3b0c44298fc1c149afbf4c8996fb92427ae41e4649b934ca495991b7852b855"},"assets":{"count":"0","hash":"e3b0c44298fc1c149afbf4c8996fb92427ae41e4649b934ca495991b7852b855"},"checkpoints":{"count":"0","hash":"e3b0c44298fc1c149afbf4c8996fb92427ae41e4649b934ca495991b7852b855"},"client_bindings":{"count":"1","hash":"c9cf043f72ed2e8ead06257554a7e3326b2b3faaec61084fcdca9584eeddf7df"},"commands":{"count":"4","hash":"cca7a3d50e077c130fa09ce7fded07b05fc564df26a4ed5dba6b30b2c6fb984d"},"documents":{"count":"2","hash":"30d52a8108c40b4087c34cfac54c94d545b595502cedd8bc6dbebc742faf1817"},"events":{"count":"0","hash":"e3b0c44298fc1c149afbf4c8996fb92427ae41e4649b934ca495991b7852b855"},"events_v2":{"count":"4","hash":"01f72cd74fc2a376346013773327bbc65be858fb7ce640d57f9ef554f679e4dd"},"history":{"count":"2","hash":"379ae9683335a24be4d56e4cd906ed028b9b0fa2b7472d212a1bc64958436305"},"history_preparations":{"count":"0","hash":"e3b0c44298fc1c149afbf4c8996fb92427ae41e4649b934ca495991b7852b855"},"image_edit_reviews":{"count":"0","hash":"e3b0c44298fc1c149afbf4c8996fb92427ae41e4649b934ca495991b7852b855"},"image_previews":{"count":"0","hash":"e3b0c44298fc1c149afbf4c8996fb92427ae41e4649b934ca495991b7852b855"},"meta":{"count":"2","hash":"821a4178fd4871ad8facd081bfcfddf32ab8f80baa23c2e2ca1ccb288bfd3fe0"},"objects":{"count":"4","hash":"361ca2b47d551ea04c110b94c846d99baf0d84b5418717979f416c0efcc1bee2"},"portable_bundles":{"count":"1","hash":"3a36c95a33df5dcdc029999dbb32faebe5dff69929a79b7207deb452d10d2e81"},"portable_cancellations":{"count":"0","hash":"e3b0c44298fc1c149afbf4c8996fb92427ae41e4649b934ca495991b7852b855"},"portable_maps":{"count":"3","hash":"8c2ac7acb81e841574da5b5047e9067607786b79495ca398d785648a08c8394b"},"portable_namespaces":{"count":"1","hash":"b3a54846b88927a25bff9a9d89b712760426f136f327ceb28cee3e9b33c3d87c"},"portable_pins":{"count":"1","hash":"11cc24796528bcc318912260852f935ec1158047d4b619d32a17f37b0274a958"},"portable_preparations":{"count":"1","hash":"e36dee2c3a0189ac2c5d57502bf34d8310a19cd557c3f96e447f130473f9a316"},"portable_quarantined_hashes":{"count":"0","hash":"e3b0c44298fc1c149afbf4c8996fb92427ae41e4649b934ca495991b7852b855"},"portable_review_maps":{"count":"3","hash":"da5623cbcec10412050b5814bc3240814ae2e8441bb2c9023fd4a6bc326ffa7d"},"portable_review_sources":{"count":"1","hash":"9d39204cdb5bccc2eed3ffec6f7242e8bff2db3a0ef01d8f53aad40dfe371f0b"},"portable_reviews":{"count":"1","hash":"d8d2d913b31708358262f9d971875eee8813a8bf97f8adb779aeed8c0a7aca73"},"portable_rows":{"count":"2","hash":"2025f8fba03e149d8d8e83089a0f3e89380c20b64867a46caa34fd182049b338"},"raster_preparations":{"count":"0","hash":"e3b0c44298fc1c149afbf4c8996fb92427ae41e4649b934ca495991b7852b855"},"raster_reviews":{"count":"0","hash":"e3b0c44298fc1c149afbf4c8996fb92427ae41e4649b934ca495991b7852b855"},"read_releases":{"count":"0","hash":"e3b0c44298fc1c149afbf4c8996fb92427ae41e4649b934ca495991b7852b855"},"roots":{"count":"10","hash":"57b08bcc48a1fcc09bd91d49fb5d882e224667e568a3567c7ef015a59f252383"},"schema_migrations":{"count":"6","hash":"890f2233d11a133bd026b5bd8785008eb00c2f04b12021e44c9c886d1f2a3a59"},"snapshot_roots":{"count":"0","hash":"e3b0c44298fc1c149afbf4c8996fb92427ae41e4649b934ca495991b7852b855"},"snapshots":{"count":"0","hash":"e3b0c44298fc1c149afbf4c8996fb92427ae41e4649b934ca495991b7852b855"},"sqlite_schema":"sha256:8c9f7528f9ca558241e91547b7269dbafa3f7c5066bc7536912c99bd26b06792","staged_assets":{"count":"1","hash":"4deae8347335ae3f51ff6231fd9665d835b9f2543dc6e1beaea653015d1cf8fc"},"transfer_reviews":{"count":"0","hash":"e3b0c44298fc1c149afbf4c8996fb92427ae41e4649b934ca495991b7852b855"},"ui_checkpoints":{"count":"0","hash":"e3b0c44298fc1c149afbf4c8996fb92427ae41e4649b934ca495991b7852b855"},"ui_events":{"count":"0","hash":"e3b0c44298fc1c149afbf4c8996fb92427ae41e4649b934ca495991b7852b855"},"ui_receipts":{"count":"0","hash":"e3b0c44298fc1c149afbf4c8996fb92427ae41e4649b934ca495991b7852b855"}},"manifestFile":"schema7-backup-fc3a47ec-b257-4f5a-b198-4258d9a4c7f9.sqlite.manifest.json","rollback":{"compatibleExecutable":"d4ed76148999978565ca8b37d27612f5b3faa591"},"strategy":"semantic-version-verified-backup-transactional-activation","to":8},"priorRefusal":"UNSUPPORTED_STORAGE","rollbackCommand":"c4fd9788-13d6-4336-a7ad-03e930d3b237","rollbackReceipt":{"commandId":"c4fd9788-13d6-4336-a7ad-03e930d3b237","documentRevision":"1","fromSeq":"5","status":"accepted","toSeq":"5","transactionId":"55c2cbb0-706e-47d7-8a63-f818148aafd9"},"allOriginalTablesAndFilesPreserved":true}
✔ schema8 capacity refusal leaves schema7 and exact pending requests intact (1605.838209ms)
✔ schema8 activation refuses changed backup-written without altering source (1648.964459ms)
✔ schema8 activation refuses changed database without altering source (2003.790625ms)
✔ schema8 activation refuses changed manifest without altering source (1567.816666ms)
✔ schema8 SIGKILL before-backup retains pending identity and original portable files (1544.506ms)
✔ schema8 SIGKILL backup-written retains pending identity and original portable files (1657.839291ms)
✔ schema8 SIGKILL backup-verified retains pending identity and original portable files (1807.877625ms)
✔ schema8 SIGKILL before-activation retains pending identity and original portable files (1654.211458ms)
✔ schema8 SIGKILL after-activation retains pending identity and original portable files (1466.437959ms)
✔ format3 public roundtrip retains exact original receipt bounds and canonical event bytes (3618.243ms)
ℹ {"finding":"I-PF01","formatVersion":3,"originalReceipt":{"commandId":"460290a9-2791-44af-b0c9-7611a432393f","documentRevision":"2","fromSeq":"6","status":"accepted","toSeq":"7","transactionId":"c951ead7-246e-4e67-8448-a82a1fae2969"},"eventsHash":"sha256:d85e4181ee3b0afd4c07bcae9605c22342c82e992f1afb66dda22c572d567876","sourceArchive":"sha256:4b64c14f35ef4160435c2f3efb7dd236489baaede50911760815cd89b64a4741","newArchive":"sha256:272cfca008f041ed57931833de0079a7b21607613b50bbd17c263ebf22efae3f","freshWorkspaceImport":"p_0531e0a55be8405cc562872b71dbc58770bc507d2fecadcb2c4609ae123d70b7"}
✔ public preview rejects prefix transaction with no namespace or source change (1058.463542ms)
ℹ {"finding":"I-PF01","mutation":"prefix","originalBounds":{"commandId":"19a9d2af-695b-4c6b-9a16-95611d8560dc","documentRevision":"2","fromSeq":"6","status":"accepted","toSeq":"7","transactionId":"cd29485e-7da4-4517-b806-8c59653fc425"},"commandId":"e18ac3b9-85c8-4767-b907-bc7b3d919556","receipt":{"code":"INVALID_INPUT","commandId":"e18ac3b9-85c8-4767-b907-bc7b3d919556","currentRevision":null,"details":{"byteLength":"88","hash":"sha256:1aebc6e65987f024383db6bf2136acc10ce36bcbd03d6bcc0addcef6792468fc","mediaType":"application/json"},"status":"rejected"},"archiveHash":"sha256:e328b794553223b0a3514fb04fb236f034ea86c27661cc1df862a86b2ecb99af","noNamespace":true}
✔ public preview rejects tail transaction with no namespace or source change (1375.605166ms)
ℹ {"finding":"I-PF01","mutation":"tail","originalBounds":{"commandId":"4b747f32-afa1-4c28-8599-7fa97aca0821","documentRevision":"2","fromSeq":"6","status":"accepted","toSeq":"7","transactionId":"79615fd2-0819-48a3-a7c9-b2f00b011531"},"commandId":"4897096a-db7c-4378-8fae-f3a5d9f3c430","receipt":{"code":"INVALID_INPUT","commandId":"4897096a-db7c-4378-8fae-f3a5d9f3c430","currentRevision":null,"details":{"byteLength":"88","hash":"sha256:1aebc6e65987f024383db6bf2136acc10ce36bcbd03d6bcc0addcef6792468fc","mediaType":"application/json"},"status":"rejected"},"archiveHash":"sha256:c6ce25b724834c0365297a1e31229d5923a382341a53b0a56d91fc4c8656c95b","noNamespace":true}
✔ public preview rejects wrong-count transaction with no namespace or source change (1565.884833ms)
ℹ {"finding":"I-PF01","mutation":"wrong-count","originalBounds":{"commandId":"4fad8790-f8c4-4959-af37-0a8ef5974fa8","documentRevision":"2","fromSeq":"6","status":"accepted","toSeq":"7","transactionId":"f597e3e8-ad8a-46d6-b165-15e90ec19635"},"commandId":"898475d9-5891-459c-ba1f-9cf755b010d1","receipt":{"code":"INVALID_INPUT","commandId":"898475d9-5891-459c-ba1f-9cf755b010d1","currentRevision":null,"details":{"byteLength":"86","hash":"sha256:95fc3af1ade331e8d3b605904c0edce644f8782f0b0cd26ac8fee4cb72c5490d","mediaType":"application/json"},"status":"rejected"},"archiveHash":"sha256:3c31234aa74b1c5117583286388610b149f194ba4cf6873d751cc9c23b7dfff1","noNamespace":true}
✔ public preview rejects wrong-first transaction with no namespace or source change (1379.654ms)
ℹ {"finding":"I-PF01","mutation":"wrong-first","originalBounds":{"commandId":"970b7fac-6b5a-4a83-9d33-9ea8b5a3efe0","documentRevision":"2","fromSeq":"6","status":"accepted","toSeq":"7","transactionId":"d9c3af99-6c6e-4cfe-b63f-02f86f4996f7"},"commandId":"1fb0781c-3a79-4c36-97e5-5dc9abbc7373","receipt":{"code":"INVALID_INPUT","commandId":"1fb0781c-3a79-4c36-97e5-5dc9abbc7373","currentRevision":null,"details":{"byteLength":"88","hash":"sha256:1aebc6e65987f024383db6bf2136acc10ce36bcbd03d6bcc0addcef6792468fc","mediaType":"application/json"},"status":"rejected"},"archiveHash":"sha256:7cdcb963f91c3339f22456cc6b90fd80a875cfdf4dbadd4627f66e2ce9a6db6b","noNamespace":true}
✔ public preview rejects wrong-last transaction with no namespace or source change (1322.995292ms)
ℹ {"finding":"I-PF01","mutation":"wrong-last","originalBounds":{"commandId":"d8c09d85-374a-4820-be00-c4d9a6f0f32b","documentRevision":"2","fromSeq":"6","status":"accepted","toSeq":"7","transactionId":"b3408160-a904-4b85-934d-5070b1349f79"},"commandId":"2a337e79-be0a-42e2-b1ec-62fa01ff94a0","receipt":{"code":"INVALID_INPUT","commandId":"2a337e79-be0a-42e2-b1ec-62fa01ff94a0","currentRevision":null,"details":{"byteLength":"88","hash":"sha256:1aebc6e65987f024383db6bf2136acc10ce36bcbd03d6bcc0addcef6792468fc","mediaType":"application/json"},"status":"rejected"},"archiveHash":"sha256:e0a3fb35c7d24351834ae0044f1f4035628f8e306b7d5172ade202caa4e3ea5b","noNamespace":true}
✔ public preview rejects wrong-hash transaction with no namespace or source change (1337.844375ms)
ℹ {"finding":"I-PF01","mutation":"wrong-hash","originalBounds":{"commandId":"b64260be-6ff0-409d-8251-1fedf1f794dd","documentRevision":"2","fromSeq":"6","status":"accepted","toSeq":"7","transactionId":"c5369ce8-eaaf-4b4b-bd99-051a6ee9bfae"},"commandId":"936d7e0d-95d1-4551-adc8-06fa6c1c54f6","receipt":{"code":"INVALID_INPUT","commandId":"936d7e0d-95d1-4551-adc8-06fa6c1c54f6","currentRevision":null,"details":{"byteLength":"88","hash":"sha256:1aebc6e65987f024383db6bf2136acc10ce36bcbd03d6bcc0addcef6792468fc","mediaType":"application/json"},"status":"rejected"},"archiveHash":"sha256:121d39205c6a1fb27e37f11f0670bf14e3292c0b876344ae8e11bf7595e11653","noNamespace":true}
✔ public preview rejects wrong-command transaction with no namespace or source change (1282.958834ms)
ℹ {"finding":"I-PF01","mutation":"wrong-command","originalBounds":{"commandId":"92da660c-9934-4d4a-a10f-3beb3b9a8508","documentRevision":"2","fromSeq":"6","status":"accepted","toSeq":"7","transactionId":"a990bdec-5097-4cbf-961a-7de45a92114d"},"commandId":"39c82f17-b6ed-4a17-b32c-e19d50d90f66","receipt":{"code":"INVALID_INPUT","commandId":"39c82f17-b6ed-4a17-b32c-e19d50d90f66","currentRevision":null,"details":{"byteLength":"88","hash":"sha256:1aebc6e65987f024383db6bf2136acc10ce36bcbd03d6bcc0addcef6792468fc","mediaType":"application/json"},"status":"rejected"},"archiveHash":"sha256:7587f17316d74794817422795ab029ddce782cecab3b77089bba90d6ed754c1e","noNamespace":true}
✔ public preview rejects wrong-revision transaction with no namespace or source change (1228.545417ms)
ℹ {"finding":"I-PF01","mutation":"wrong-revision","originalBounds":{"commandId":"1bd669cb-cde4-483b-bfb6-e28e0a75b054","documentRevision":"2","fromSeq":"6","status":"accepted","toSeq":"7","transactionId":"f171d330-5f46-4fbf-8445-d508c35e9691"},"commandId":"20c5e29d-45a3-4a9a-9c19-c20bb4cf60b5","receipt":{"code":"INVALID_INPUT","commandId":"20c5e29d-45a3-4a9a-9c19-c20bb4cf60b5","currentRevision":null,"details":{"byteLength":"88","hash":"sha256:1aebc6e65987f024383db6bf2136acc10ce36bcbd03d6bcc0addcef6792468fc","mediaType":"application/json"},"status":"rejected"},"archiveHash":"sha256:7c2ed333bb53553085646daed5245bf330d526911cf1f23fb9c15ec87569cce1","noNamespace":true}
✔ public preview rejects missing-descriptor transaction with no namespace or source change (1319.554292ms)
ℹ {"finding":"I-PF01","mutation":"missing-descriptor","originalBounds":{"commandId":"b9812d40-f533-4602-b8bc-10fc4e7d79e2","documentRevision":"2","fromSeq":"6","status":"accepted","toSeq":"7","transactionId":"d2886d60-3aca-417f-a36b-10c5323ce569"},"commandId":"a0ad9404-11c7-4503-924e-66aaa180977d","receipt":{"code":"INVALID_INPUT","commandId":"a0ad9404-11c7-4503-924e-66aaa180977d","currentRevision":null,"details":{"byteLength":"88","hash":"sha256:1aebc6e65987f024383db6bf2136acc10ce36bcbd03d6bcc0addcef6792468fc","mediaType":"application/json"},"status":"rejected"},"archiveHash":"sha256:50dd5eb80f282e539b9cc9935999ec9e1c571de5575f7bdb373f7201987cdda2","noNamespace":true}
✔ public preview rejects duplicate-descriptor transaction with no namespace or source change (1336.364417ms)
ℹ {"finding":"I-PF01","mutation":"duplicate-descriptor","originalBounds":{"commandId":"2be6a394-bd4d-4c54-b40f-06b2d8ab423d","documentRevision":"2","fromSeq":"6","status":"accepted","toSeq":"7","transactionId":"35787e2d-1b93-43a6-9159-2ab993cb81db"},"commandId":"20e3df14-d81b-44d7-a9ca-d26237ba133d","receipt":{"code":"INVALID_INPUT","commandId":"20e3df14-d81b-44d7-a9ca-d26237ba133d","currentRevision":null,"details":{"byteLength":"88","hash":"sha256:1aebc6e65987f024383db6bf2136acc10ce36bcbd03d6bcc0addcef6792468fc","mediaType":"application/json"},"status":"rejected"},"archiveHash":"sha256:f7b60e5ca913c76e52213d99928cac1cb07357b77f657b0a3def21c296ed3afa","noNamespace":true}
✔ public preview rejects duplicate-event-id transaction with no namespace or source change (1238.966708ms)
ℹ {"finding":"I-PF01","mutation":"duplicate-event-id","originalBounds":{"commandId":"8acfeebe-b9f2-4e1f-a669-33bb99f73585","documentRevision":"2","fromSeq":"6","status":"accepted","toSeq":"7","transactionId":"5455cf47-9c10-4aef-9393-7bfa400a85d9"},"commandId":"f7ff0e1d-9180-4e75-b5fe-ab1a235c7d6c","receipt":{"code":"INVALID_INPUT","commandId":"f7ff0e1d-9180-4e75-b5fe-ab1a235c7d6c","currentRevision":null,"details":{"byteLength":"88","hash":"sha256:1aebc6e65987f024383db6bf2136acc10ce36bcbd03d6bcc0addcef6792468fc","mediaType":"application/json"},"status":"rejected"},"archiveHash":"sha256:92edab9177a0be5de61fc8f618dfdd7ffff9c768d038a596ea8b628faff990e7","noNamespace":true}
✔ public preview rejects split-one-command transaction with no namespace or source change (1132.598125ms)
ℹ {"finding":"I-PF01","mutation":"split-one-command","originalBounds":{"commandId":"2e231d6b-61de-4261-a6b4-293b4f065428","documentRevision":"2","fromSeq":"6","status":"accepted","toSeq":"7","transactionId":"eedb7dc2-4ad5-4fc2-b6f1-45a8aa5140d6"},"commandId":"fad4949a-b715-4234-b7c9-5a6359c75dd8","receipt":{"code":"INVALID_INPUT","commandId":"fad4949a-b715-4234-b7c9-5a6359c75dd8","currentRevision":null,"details":{"byteLength":"88","hash":"sha256:1aebc6e65987f024383db6bf2136acc10ce36bcbd03d6bcc0addcef6792468fc","mediaType":"application/json"},"status":"rejected"},"archiveHash":"sha256:f01b651bf71d426a106af5f9b9ff0da00d1673ebcfd309398c024447381ff99c","noNamespace":true}
✔ legacy format1 retains inspection and explicitly refuses editable publication (1208.288084ms)
✔ unchanged independent d4 hostile archives never become editable or publish a namespace (1792.615333ms)
ℹ {"finding":"I-PF01","unchangedReviewerArtifact":"drop-transaction-prefix.zip","sha256":"sha256:a0dcad5ba6fe2fbb76149cc898aa6981d6bcdaae38fde2e81cae0954bc017ddd","receipt":{"commandId":"a51462cd-0848-41a2-94fb-80d84010cb25","documentRevision":null,"fromSeq":"1","status":"accepted","toSeq":"1","transactionId":"84a0afb6-fc99-49fc-9aa8-4b3cfb0fd9fc"},"noEditableNamespace":true}
ℹ {"finding":"I-PF01","unchangedReviewerArtifact":"hostile-duplicate-event-id.zip","sha256":"sha256:c6e2adf81f2372c97cac0e4703fa184ac6c9f10866b5000219baba5769fe2c26","receipt":{"code":"INVALID_INPUT","commandId":"6011299a-8206-4413-b84e-ce2edc013182","currentRevision":null,"details":{"byteLength":"88","hash":"sha256:1aebc6e65987f024383db6bf2136acc10ce36bcbd03d6bcc0addcef6792468fc","mediaType":"application/json"},"status":"rejected"},"noEditableNamespace":true}
ℹ {"finding":"I-PF01","unchangedReviewerArtifact":"hostile-split-one-command.zip","sha256":"sha256:e6f642af807db51f74d402467f818bb05227edee910bb440442a774361fe620b","receipt":{"code":"INVALID_INPUT","commandId":"4cec8f75-af03-47cc-b7f2-8c72d270f422","currentRevision":null,"details":{"byteLength":"88","hash":"sha256:1aebc6e65987f024383db6bf2136acc10ce36bcbd03d6bcc0addcef6792468fc","mediaType":"application/json"},"status":"rejected"},"noEditableNamespace":true}
✔ ZIP64 STORE roundtrip uses real content, exact CRC/hash and 64-bit fields (24.240291ms)
✔ rejects compression before accepting archive (9.429708ms)
✔ rejects encryption before accepting archive (7.776458ms)
✔ rejects descriptor before accepting archive (8.453208ms)
✔ rejects traversal before accepting archive (8.279708ms)
✔ rejects crc before accepting archive (8.067083ms)
✔ rejects payload before accepting archive (9.555ms)
✔ rejects trailing before accepting archive (8.539583ms)
✔ rejects volume before accepting archive (8.56925ms)
✔ rejects symlink before accepting archive (9.044917ms)
✔ rejects executable before accepting archive (7.645875ms)
✔ rejects directory before accepting archive (8.322834ms)
✔ rejects overlap before accepting archive (9.33725ms)
✔ rejects zip64Offset before accepting archive (7.419542ms)
✔ PROTO01 strict commands, five-code receipts, lost delivery, renewal ownership and projection (722.732042ms)
✔ PROTO02 restart requires fresh pairing; prior cookie restores original ownership without authenticating itself (919.503875ms)
✔ PROTO04 pinned snapshot B plus tail H, exact content ranges, ownership, idle expiry and retained full history (2432.038083ms)
✔ incremental digest matches platform SHA256 across padding and arbitrary chunk boundaries (27.15775ms)
✔ PROTO02 real journal capacity failure returns507 without a receipt; same original command succeeds after recovery (793.586208ms)
✔ a fresh unseeded HTTP root accepts NewDocument with the public fixed empty precondition reference (331.841125ms)
✔ I-B04 fresh same-server pairing and renewal fence old recovery/content while retaining exact command ownership (2315.542208ms)
✔ real HTTP SIGKILL before-commit preserves exact retry identity and invalidates old session/context (979.421ms)
✔ real HTTP SIGKILL after-commit preserves exact retry identity and invalidates old session/context (878.694125ms)
✔ I-P01 SIGKILL during sliced snapshot construction preserves committed receipt and recovers full history (2338.044292ms)
✔ PROTO04 large complete transaction uses immutable reference; interior cursor rejected and restart replay agrees (1110.793542ms)
✔ R23 corrupt latest snapshot falls back to prior snapshot, then full log; failed snapshots backpressure only the 500-event tail (6655.758333ms)
✔ schema2 migration opens a real e1a0092 fixture with verified backup, unchanged events/receipts/history and duplicate identity (837.206417ms)
✔ I-P01 warm snapshot admission detects changed bytes and external root metadata; reads verify and recover pinned state (2113.478292ms)
✔ approval rechecks file identity after proofs: missing (545.584625ms)
✔ approval rechecks file identity after proofs: corrupt (543.848083ms)
✔ approval rechecks file identity after proofs: same-bytes-replacement (512.370834ms)
✔ approval rechecks file identity after proofs: symlink (486.534292ms)
✔ approval rechecks file identity after proofs: hardlink (505.059416ms)
✔ approval rechecks live session binding after proofs and keeps the original rejected identity (514.513417ms)
✔ queued approval authorities are bounded and released when a retry rejects an expired review (1072.643667ms)
✔ approval rejects missing pixels dependency without a usable canonical asset (702.672375ms)
✔ approval rejects corrupt pixels dependency without a usable canonical asset (690.975541ms)
✔ approval rejects substituted pixels dependency without a usable canonical asset (700.156041ms)
✔ approval rejects missing manifest dependency without a usable canonical asset (689.106666ms)
✔ approval rejects corrupt manifest dependency without a usable canonical asset (684.485459ms)
✔ approval rejects substituted manifest dependency without a usable canonical asset (727.554417ms)
✔ approval rejects missing png dependency without a usable canonical asset (730.847625ms)
✔ approval rejects corrupt png dependency without a usable canonical asset (759.454542ms)
✔ approval rejects substituted png dependency without a usable canonical asset (799.65775ms)
✔ approval rejects missing original dependency without a usable canonical asset (803.467708ms)
✔ approval rejects corrupt original dependency without a usable canonical asset (786.75175ms)
✔ approval rejects substituted original dependency without a usable canonical asset (780.349541ms)
✔ approval rejects missing exif dependency without a usable canonical asset (757.451834ms)
✔ approval rejects corrupt exif dependency without a usable canonical asset (796.966166ms)
✔ approval rejects substituted exif dependency without a usable canonical asset (801.315375ms)
✔ approval rejects missing icc dependency without a usable canonical asset (798.373792ms)
✔ approval rejects corrupt icc dependency without a usable canonical asset (784.484917ms)
✔ approval rejects substituted icc dependency without a usable canonical asset (759.168292ms)
✔ actual frozen PNG/JPEG/static WebP codec inputs; independently specified uniform and literal pixels (141.41875ms)
✔ all eight EXIF orientations normalize once with exact alpha/hidden samples retained (134.836208ms)
✔ supported P3 converts with review data and original profile identity retained (22.165709ms)
✔ actual malformed/animated/profile/extent inputs cannot produce usable canonical output (106.58775ms)
✔ P3 nonprimary conversion matches independent public LittleCMS C oracle, retaining alpha (21.207542ms)
✔ lossy and lossless alpha WebP match independent public decoder diagnostic including exact alpha (36.906ms)
✔ WebP extent and native allocation plan are admitted before invoking its native metadata parser (22.5355ms)
✔ actual nonwhite JPEG pixels match independently installed Pillow/libjpeg-turbo golden diagnostic (20.596291ms)
✔ frozen export preserves historical pixel identity and records current encoder separately (34.738292ms)
✔ F01 independent literal: stage2 alpha26, exact shared composite90 and F04 108 versus109 (0.799042ms)
✔ empty, hidden RGB, singleton, integer translation, M0 and nonidentity alpha-zero arithmetic (0.1675ms)
✔ independent half-pixel bilinear, linear light, transparent padding and premultiplied edge goldens (0.094125ms)
✔ area-integrated triangle coefficients are independently derived rational constants; no boundary renormalization (0.176792ms)
✔ transform-mask-opacity ordering and R16 luminance-alpha are explicit (0.083667ms)
✔ F02 core triangle feather: exact R16 edges, no tile renormalization, radii0/1/2/64 (1.425583ms)
✔ affine coordinates, bounded envelope and independent seam output at128/512 (0.33175ms)
✔ real original → worker → durable preview → exact review approval → CP-1 capture → PNG export and reopen (1776.98125ms)
✔ hidden RGB identity, exact mask coordinates, empty output, cache dependencies and lossless JPEG-source export (2079.696541ms)
✔ conversion review binds actual decoded preview, exact hash, owner, session and writer epoch (881.18625ms)
✔ malformed, animated and unsupported-profile originals retain bytes and terminal diagnostics without usable asset (1596.683833ms)
✔ real worker reconstruction crosses128/512 tile boundaries with independent expected pixels (962.733125ms)
✔ actual concurrent foundation and raster requests cannot reuse one durable command ID (1728.890792ms)
▶ sealed independent PNG container/profile/stream fixtures
  ✔ valid-srgb-0.png (3.228459ms)
  ✔ valid-srgb-1.png (0.834625ms)
  ✔ valid-srgb-2.png (0.689708ms)
  ✔ valid-srgb-3.png (0.646333ms)
  ✔ srgb-empty.png (0.596209ms)
  ✔ srgb-0000.png (0.482375ms)
  ✔ srgb-04.png (0.345958ms)
  ✔ srgb-ff.png (1.058417ms)
  ✔ srgb-duplicate.png (1.279083ms)
  ✔ srgb-late.png (0.418666ms)
  ✔ trns-rgba.png (0.356541ms)
  ✔ trns-gray-alpha.png (0.386875ms)
  ✔ trns-rgb-short.png (0.337125ms)
  ✔ trns-late.png (0.50975ms)
  ✔ ihdr-depth-color.png (0.34325ms)
  ✔ unknown-critical.png (0.281042ms)
  ✔ reserved-name-bit.png (0.421542ms)
  ✔ idat-duplicate-stream.png (0.494291ms)
  ✔ idat-tail.png (0.396875ms)
  ✔ idat-extra-row.png (0.819042ms)
  ✔ idat-short-row.png (0.481542ms)
  ✔ idat-filter.png (0.514708ms)
  ✔ idat-truncated-zlib.png (0.601208ms)
  ✔ idat-noncontiguous.png (0.366541ms)
  ✔ valid-split-idat.png (0.628042ms)
  ✔ gAMA-late.png (0.80625ms)
  ✔ cHRM-late.png (0.366541ms)
  ✔ sBIT-late.png (0.276167ms)
  ✔ pHYs-late.png (0.283667ms)
  ✔ bKGD-late.png (0.280708ms)
  ✔ eXIf-late.png (0.433959ms)
  ✔ hIST-late.png (0.299167ms)
  ✔ sPLT-late.png (0.274958ms)
  ✔ gAMA-invalid.png (0.352042ms)
  ✔ cHRM-invalid.png (0.37275ms)
  ✔ sBIT-invalid.png (0.240125ms)
  ✔ pHYs-invalid.png (0.271875ms)
  ✔ bKGD-invalid.png (0.259375ms)
  ✔ tIME-invalid.png (0.261209ms)
  ✔ eXIf-invalid.png (0.24775ms)
  ✔ hIST-invalid.png (0.258ms)
  ✔ sPLT-invalid.png (0.277792ms)
  ✔ zTXt-extra-stream.png (0.419583ms)
  ✔ zTXt-keyword.png (0.261625ms)
  ✔ iCCP-extra-stream.png (0.264ms)
  ✔ iCCP-keyword.png (0.25175ms)
  ✔ itxt-extra-stream.png (0.292333ms)
  ✔ itxt-invalid-utf8.png (0.299125ms)
  ✔ text-invalid-keyword.png (0.37075ms)
  ✔ text-null.png (0.371583ms)
  ✔ valid-text.png (0.441875ms)
  ✔ plte-empty.png (0.3455ms)
  ✔ plte-short.png (0.250584ms)
  ✔ plte-too-many.png (0.192416ms)
  ✔ plte-gray.png (0.532458ms)
  ✔ plte-missing.png (0.401375ms)
  ✔ plte-after-trns.png (0.26425ms)
  ✔ srgb-after-plte.png (0.225292ms)
  ✔ trns-palette-long.png (0.301875ms)
  ✔ palette-index.png (0.341625ms)
  ✔ valid-0-1.png (0.346042ms)
  ✔ valid-3-1.png (1.039542ms)
  ✔ valid-0-2.png (0.485542ms)
  ✔ valid-3-2.png (0.413375ms)
  ✔ valid-0-4.png (0.402917ms)
  ✔ valid-3-4.png (0.450167ms)
  ✔ valid-0-8.png (0.433583ms)
  ✔ valid-3-8.png (1.014333ms)
  ✔ valid-rgb-trns.png (0.371792ms)
  ✔ valid-gray-alpha.png (1.160791ms)
  ✔ valid-adam7-1-False.png (0.540291ms)
  ✔ valid-adam7-1-True.png (0.366042ms)
  ✔ valid-adam7-9-False.png (0.363458ms)
  ✔ valid-adam7-9-True.png (0.314875ms)
  ✔ reviewer-srgb-bad-size.png (0.285209ms)
  ✔ reviewer-srgb-bad-intent.png (0.2315ms)
  ✔ reviewer-trns-rgba.png (0.257917ms)
  ✔ reviewer-duplicate-idat-stream.png (0.315459ms)
  ✔ reviewer-idat-trailing-data.png (0.318167ms)
  ✔ reviewer-icc-after-idat.png (0.323584ms)
  ✔ reviewer-valid-unknown-icc-before.png (0.522916ms)
  ✔ reviewer-valid-unknown-icc-after.png (0.313292ms)
  ✔ reviewer-exif-after-idat.png (0.297916ms)
  ✔ reviewer-orientation-6-after.png (0.243208ms)
  ✔ reviewer-unknown-critical.png (0.257958ms)
✔ sealed independent PNG container/profile/stream fixtures (42.629042ms)
▶ public PNG rejection retains original, exact durable receipt and no usable raster through restart
  ✔ srgb-empty.png (154.662542ms)
  ✔ srgb-0000.png (141.981292ms)
  ✔ srgb-04.png (139.609875ms)
  ✔ srgb-ff.png (138.039375ms)
  ✔ srgb-duplicate.png (158.747166ms)
  ✔ srgb-late.png (140.238541ms)
  ✔ trns-rgba.png (157.713292ms)
  ✔ trns-gray-alpha.png (141.29675ms)
  ✔ trns-rgb-short.png (145.978375ms)
  ✔ trns-late.png (140.356041ms)
  ✔ ihdr-depth-color.png (147.836792ms)
  ✔ unknown-critical.png (137.224542ms)
  ✔ reserved-name-bit.png (140.151042ms)
  ✔ idat-extra-row.png (137.38275ms)
  ✔ idat-short-row.png (166.196541ms)
  ✔ idat-filter.png (154.018667ms)
  ✔ idat-truncated-zlib.png (146.718417ms)
  ✔ idat-noncontiguous.png (148.32175ms)
  ✔ gAMA-late.png (137.913459ms)
  ✔ cHRM-late.png (136.271125ms)
  ✔ sBIT-late.png (137.067042ms)
  ✔ pHYs-late.png (156.565042ms)
  ✔ bKGD-late.png (126.209708ms)
  ✔ eXIf-late.png (122.429541ms)
  ✔ hIST-late.png (122.682667ms)
  ✔ sPLT-late.png (128.8695ms)
  ✔ gAMA-invalid.png (120.382792ms)
  ✔ cHRM-invalid.png (114.930667ms)
  ✔ sBIT-invalid.png (118.212417ms)
  ✔ pHYs-invalid.png (124.660792ms)
  ✔ bKGD-invalid.png (127.215ms)
  ✔ tIME-invalid.png (119.754833ms)
  ✔ eXIf-invalid.png (119.123458ms)
  ✔ hIST-invalid.png (129.090667ms)
  ✔ sPLT-invalid.png (138.141709ms)
  ✔ zTXt-extra-stream.png (122.556792ms)
  ✔ zTXt-keyword.png (115.7925ms)
  ✔ iCCP-extra-stream.png (116.589958ms)
  ✔ iCCP-keyword.png (117.15ms)
  ✔ itxt-extra-stream.png (132.796958ms)
  ✔ itxt-invalid-utf8.png (115.059542ms)
  ✔ text-invalid-keyword.png (120.306959ms)
  ✔ text-null.png (120.927125ms)
  ✔ plte-empty.png (118.826959ms)
  ✔ plte-short.png (118.886666ms)
  ✔ plte-too-many.png (122.881583ms)
  ✔ plte-gray.png (119.1375ms)
  ✔ plte-missing.png (133.7585ms)
  ✔ plte-after-trns.png (123.177416ms)
  ✔ srgb-after-plte.png (118.072583ms)
  ✔ trns-palette-long.png (122.149583ms)
  ✔ palette-index.png (135.238958ms)
  ✔ reviewer-srgb-bad-size.png (135.60275ms)
  ✔ reviewer-srgb-bad-intent.png (135.92525ms)
  ✔ reviewer-trns-rgba.png (122.871542ms)
  ✔ reviewer-icc-after-idat.png (125.825833ms)
  ✔ reviewer-valid-unknown-icc-before.png (195.638917ms)
  ✔ reviewer-valid-unknown-icc-after.png (188.053ms)
  ✔ reviewer-exif-after-idat.png (130.002667ms)
  ✔ reviewer-orientation-6-after.png (167.141875ms)
  ✔ reviewer-unknown-critical.png (115.398625ms)
✔ public PNG rejection retains original, exact durable receipt and no usable raster through restart (9120.763292ms)
✔ supported ICC and valid orientation remain explicit through review, approval and export (1132.740292ms)
▶ valid PNG depths, palette transparency, split streams, metadata and Adam7 retain independent pixels
  ✔ valid-srgb-0.png (180.278625ms)
  ✔ valid-srgb-1.png (157.910042ms)
  ✔ valid-srgb-2.png (157.034875ms)
  ✔ valid-srgb-3.png (169.172166ms)
  ✔ idat-duplicate-stream.png (168.72675ms)
  ✔ idat-tail.png (173.028792ms)
  ✔ valid-split-idat.png (168.42275ms)
  ✔ valid-text.png (163.275959ms)
  ✔ valid-0-1.png (171.896625ms)
  ✔ valid-3-1.png (190.783083ms)
  ✔ valid-0-2.png (158.794791ms)
  ✔ valid-3-2.png (155.07875ms)
  ✔ valid-0-4.png (172.197542ms)
  ✔ valid-3-4.png (162.188333ms)
  ✔ valid-0-8.png (165.733667ms)
  ✔ valid-3-8.png (173.226542ms)
  ✔ valid-rgb-trns.png (166.9635ms)
  ✔ valid-gray-alpha.png (174.142167ms)
  ✔ valid-adam7-1-False.png (171.637083ms)
  ✔ valid-adam7-1-True.png (168.592375ms)
  ✔ valid-adam7-9-False.png (161.843666ms)
  ✔ valid-adam7-9-True.png (166.84775ms)
✔ valid PNG depths, palette transparency, split streams, metadata and Adam7 retain independent pixels (4221.459416ms)
✔ SIGKILL raster-preparation-before-commit keeps original raster command, operation and encoded source (1894.169ms)
✔ SIGKILL raster-preparation-after-commit keeps original raster command, operation and encoded source (1315.888292ms)
✔ SIGKILL raster-after-worker keeps original raster command, operation and encoded source (1930.926791ms)
✔ SIGKILL raster-before-flush keeps original raster command, operation and encoded source (1221.56525ms)
✔ SIGKILL raster-after-flush keeps original raster command, operation and encoded source (1188.933042ms)
✔ SIGKILL raster-before-rename keeps original raster command, operation and encoded source (1256.885ms)
✔ SIGKILL raster-after-rename keeps original raster command, operation and encoded source (1196.573917ms)
✔ SIGKILL raster-after-directory-sync keeps original raster command, operation and encoded source (1198.501916ms)
✔ SIGKILL raster-before-register keeps original raster command, operation and encoded source (1208.674625ms)
✔ SIGKILL asset-before-commit keeps original raster command, operation and encoded source (1207.227042ms)
✔ SIGKILL asset-after-commit keeps original raster command, operation and encoded source (1151.99475ms)
✔ SIGKILL raster-after-register keeps original raster command, operation and encoded source (1133.768584ms)
✔ SIGKILL frozen PNG export raster-before-register reopens exact existing canonical bytes (1436.950666ms)
✔ SIGKILL frozen PNG export raster-after-register reopens exact existing canonical bytes (1395.985792ms)
✔ SIGKILL approval raster-approval-preparation-before-commit preserves identity and requires a live review before publication (2311.136542ms)
✔ SIGKILL approval raster-approval-preparation-after-commit preserves identity and requires a live review before publication (1256.344584ms)
✔ SIGKILL approval raster-approval-after-proofs preserves identity and requires a live review before publication (1243.013375ms)
✔ SIGKILL approval raster-approval-before-register preserves identity and requires a live review before publication (1167.031417ms)
✔ SIGKILL approval raster-approval-after-register preserves identity and requires a live review before publication (1204.44625ms)
✔ schema5 preserves dfa383d compatible schema4 and names an actually usable rollback executable (2677.325541ms)
ℹ {"case":"compatible-dfa383d","pending":{"command":{"schemaVersion":1,"commandId":"ca96a055-960c-44a6-a1c4-e1e3a3ec6a8c","clientId":"client_1","sessionId":"session_1","correlationId":"correlation_1","causationId":null,"transactionId":"06ecd290-1008-40fa-be5a-0e3dda3bafc3","documentId":null,"expectedDocumentRevision":null,"expectedEntityVersions":{"hash":"sha256:10584db4c85cf1d5cbd2eda3429934a693b7c26268e63be96dbdb23d6dd42069","byteLength":"33","mediaType":"application/json"},"issuedAt":"2026-09-26T03:00:00.000Z","body":{"type":"PrepareRaster","assetId":"68e5c744-0e33-4478-8ff0-4081bff228de"}},"hash":"sha256:5db9b8bf5f6d64ec93c7adee1fc9eb8eda762f2fcbe6a60ff60a121b6e84d10e","operationId":"7bd34268-dfd1-460b-a92b-2277c1db2eca","phase":"preparing"},"originalCommand":{"protocolVersion":1,"command":{"schemaVersion":1,"commandId":"ca96a055-960c-44a6-a1c4-e1e3a3ec6a8c","clientId":"client_1","sessionId":"session_1","correlationId":"correlation_1","causationId":null,"transactionId":"06ecd290-1008-40fa-be5a-0e3dda3bafc3","documentId":null,"expectedDocumentRevision":null,"expectedEntityVersions":{"hash":"sha256:10584db4c85cf1d5cbd2eda3429934a693b7c26268e63be96dbdb23d6dd42069","byteLength":"33","mediaType":"application/json"},"issuedAt":"2026-09-26T03:00:00.000Z","body":{"type":"PrepareRaster","assetId":"68e5c744-0e33-4478-8ff0-4081bff228de"}}},"migration":{"backup":"schema4-backup-8da50847-3dec-4945-b0f1-3799b7ccd6fb.sqlite","backupHash":"sha256:a8e384cc79d4848a45acf11614ae4a695b6db627353b5d8e24bad3b3131d4849","capability":"raster-pending-approval-v1","from":4,"manifest":{"asset_dependencies":{"count":"5","hash":"acb611a79343f854d77c2e67fe8bcfcaa9a132bbf713f22db7ff4750137eac45"},"asset_preparations":{"count":"0","hash":"e3b0c44298fc1c149afbf4c8996fb92427ae41e4649b934ca495991b7852b855"},"assets":{"count":"2","hash":"5ca4f00f2e19b587513d0964a3fd1e502a1511cd83646350a2107aa9584aaa64"},"checkpoints":{"count":"0","hash":"e3b0c44298fc1c149afbf4c8996fb92427ae41e4649b934ca495991b7852b855"},"client_bindings":{"count":"1","hash":"b2d154c730514137fafeac2d75a45b581d2e8d18be91ae3c695190e96393c791"},"commands":{"count":"4","hash":"da0b20cf0a6a5669177b169ed92c2c3e33ad3b0b0604e1c0555c87ef91e3a163"},"documents":{"count":"1","hash":"9ad3e21521aed109a113fcb7a49e0de751f9b3d850a11569aa3c69a25b5c8097"},"events":{"count":"0","hash":"e3b0c44298fc1c149afbf4c8996fb92427ae41e4649b934ca495991b7852b855"},"events_v2":{"count":"4","hash":"0f43d4d183e9af9928e3197d747df410fa56bd2fc4520b95b05453c90628d0c1"},"history":{"count":"1","hash":"17868c009fdfa5a120b83dcd48375dec45a069375c8767552295431de28cd7ff"},"meta":{"count":"2","hash":"d87c92e425c23d08fa64c28dc999865857febec7939bc38326c00e4e19dde1cd"},"objects":{"count":"6","hash":"f0ef190ba9545b51a7af09161b0ed761035418bc6d26b32d3bb2165a162b09c5"},"raster_preparations":{"count":"1","hash":"2d891189a30f258d67fd278f3189474dcd395c51fc3ddc6545158ca1e229c014"},"raster_reviews":{"count":"1","hash":"783820860798b462bf1dddb8609e76a4f5d177b85c7ffa00f2b8a9d25c443067"},"read_releases":{"count":"0","hash":"e3b0c44298fc1c149afbf4c8996fb92427ae41e4649b934ca495991b7852b855"},"roots":{"count":"11","hash":"92c3fcd84087e367b9824714d7ca54fca4e55f88a7ca20659292d93fed8ff464"},"schema_migrations":{"count":"3","hash":"9f7789c1636256b27d68914eafad70200b120d249077dedb7a25eff9a2b02c23"},"snapshot_roots":{"count":"0","hash":"e3b0c44298fc1c149afbf4c8996fb92427ae41e4649b934ca495991b7852b855"},"snapshots":{"count":"0","hash":"e3b0c44298fc1c149afbf4c8996fb92427ae41e4649b934ca495991b7852b855"},"sqlite_schema":"sha256:f6d2f1c9e0cd0a1a37a8fe6de297ea5bfd57c6c1d16db65c0579116c7af5f336","staged_assets":{"count":"3","hash":"dd35ef5e3e58cd86fe6ca1e7d32c01d0c9f74b000e248fb11cb6e2c718d1101b"},"transfer_reviews":{"count":"0","hash":"e3b0c44298fc1c149afbf4c8996fb92427ae41e4649b934ca495991b7852b855"}},"manifestFile":"schema4-backup-8da50847-3dec-4945-b0f1-3799b7ccd6fb.sqlite.manifest.json","rollback":{"compatibleExecutable":"dfa383d56d21bc9c7bb40248db8a503fe33e6e46","pendingApprovals":0},"strategy":"semantic-version-verified-backup-transactional-activation","to":5},"originalHashes":{"objects/sha256/10/10584db4c85cf1d5cbd2eda3429934a693b7c26268e63be96dbdb23d6dd42069":"sha256:10584db4c85cf1d5cbd2eda3429934a693b7c26268e63be96dbdb23d6dd42069","objects/sha256/18/182dc5ec0c47b067c0a567231fcaad71dd285c9579e43b9fb8d874cde71e5385":"sha256:182dc5ec0c47b067c0a567231fcaad71dd285c9579e43b9fb8d874cde71e5385","objects/sha256/2f/2f3e923287f4774cca06e8fdd8434b6c0181d48e5c9948b09bb68561bb9e907c":"sha256:2f3e923287f4774cca06e8fdd8434b6c0181d48e5c9948b09bb68561bb9e907c","objects/sha256/6f/6f24d5e2d2ae2a925db25c429a7fceb690fc7cb53bb909b52438538b4d9ff02d":"sha256:6f24d5e2d2ae2a925db25c429a7fceb690fc7cb53bb909b52438538b4d9ff02d","objects/sha256/b7/b703ce1c98980cbb1dfb0cc6fae32a617f9d6a985e390045ff736ee74839b3fe":"sha256:b703ce1c98980cbb1dfb0cc6fae32a617f9d6a985e390045ff736ee74839b3fe","objects/sha256/cf/cf572f5aabe811670c63de2cbf0e9f86ac25bc84942d190d4c44abf25632a38a":"sha256:cf572f5aabe811670c63de2cbf0e9f86ac25bc84942d190d4c44abf25632a38a"},"oldWriterRefusals":["dfa383d56d21bc9c7bb40248db8a503fe33e6e46","7388d1e625a6ac2c563bc64cca6318d264649acc"],"rollbackResult":{"epoch":"2","state":{"record":{"hash":"sha256:5db9b8bf5f6d64ec93c7adee1fc9eb8eda762f2fcbe6a60ff60a121b6e84d10e","command":{"body":{"assetId":"68e5c744-0e33-4478-8ff0-4081bff228de","type":"PrepareRaster"},"causationId":null,"clientId":"client_1","commandId":"ca96a055-960c-44a6-a1c4-e1e3a3ec6a8c","correlationId":"correlation_1","documentId":null,"expectedDocumentRevision":null,"expectedEntityVersions":{"byteLength":"33","hash":"sha256:10584db4c85cf1d5cbd2eda3429934a693b7c26268e63be96dbdb23d6dd42069","mediaType":"application/json"},"issuedAt":"2026-09-26T03:00:00.000Z","schemaVersion":1,"sessionId":"session_1","transactionId":"06ecd290-1008-40fa-be5a-0e3dda3bafc3"},"receipt":{"commandId":"ca96a055-960c-44a6-a1c4-e1e3a3ec6a8c","documentRevision":null,"fromSeq":"5","status":"accepted","toSeq":"5","transactionId":"06ecd290-1008-40fa-be5a-0e3dda3bafc3"}},"pending":null}}}
✔ schema5 preserves 7388d1e pending approval and names an actually usable rollback executable (1797.87975ms)
ℹ {"case":"existing-7388d1e-approval","pending":{"command":{"schemaVersion":1,"commandId":"68eb8053-85f9-40c4-a81b-0b2805d87357","clientId":"client_1","sessionId":"session_1","correlationId":"correlation_1","causationId":null,"transactionId":"6d45ebfd-f324-4df4-b3b9-1e620d3c1649","documentId":null,"expectedDocumentRevision":null,"expectedEntityVersions":{"hash":"sha256:10584db4c85cf1d5cbd2eda3429934a693b7c26268e63be96dbdb23d6dd42069","byteLength":"33","mediaType":"application/json"},"issuedAt":"2026-09-26T03:00:00.000Z","body":{"type":"ApproveRaster","assetId":"04b75218-cae1-4834-91bd-71e177d3b7f3","reviewId":"6750b454-ef91-4c65-877f-202d49077bf1","reviewHash":"sha256:4f6b8fc490619e2bbf07291f236d331a75b06eb247d14fe0204f22bd3d75b5cb"}},"hash":"sha256:eee3d2d379a5ae12ff11f841aeafad95b1d7d25ce24e9284f011fab56a9533b4","operationId":"da52d233-1dd5-42b7-8b08-db393d882ba5","phase":"preparing"},"originalCommand":{"protocolVersion":1,"command":{"schemaVersion":1,"commandId":"68eb8053-85f9-40c4-a81b-0b2805d87357","clientId":"client_1","sessionId":"session_1","correlationId":"correlation_1","causationId":null,"transactionId":"6d45ebfd-f324-4df4-b3b9-1e620d3c1649","documentId":null,"expectedDocumentRevision":null,"expectedEntityVersions":{"hash":"sha256:10584db4c85cf1d5cbd2eda3429934a693b7c26268e63be96dbdb23d6dd42069","byteLength":"33","mediaType":"application/json"},"issuedAt":"2026-09-26T03:00:00.000Z","body":{"type":"ApproveRaster","assetId":"04b75218-cae1-4834-91bd-71e177d3b7f3","reviewId":"6750b454-ef91-4c65-877f-202d49077bf1","reviewHash":"sha256:4f6b8fc490619e2bbf07291f236d331a75b06eb247d14fe0204f22bd3d75b5cb"}}},"migration":{"backup":"schema4-backup-8e35dd3e-bfd1-4d35-818c-45bcbb3ebed2.sqlite","backupHash":"sha256:ebffb8992d58c8a620b7adbe14ac19f760291dce729a92c660220cba378a58f4","capability":"raster-pending-approval-v1","from":4,"manifest":{"asset_dependencies":{"count":"5","hash":"c18e1fa290a07208429755f68347ee90990dcbcdd088c343874b445b4277e098"},"asset_preparations":{"count":"0","hash":"e3b0c44298fc1c149afbf4c8996fb92427ae41e4649b934ca495991b7852b855"},"assets":{"count":"2","hash":"44178020c11b91a62e7a794f4c9c82388b8f458e7c92829ef92e2cc55fcd2bd8"},"checkpoints":{"count":"0","hash":"e3b0c44298fc1c149afbf4c8996fb92427ae41e4649b934ca495991b7852b855"},"client_bindings":{"count":"1","hash":"5b0f7f156b32e738df784bd8281ba53b7b8e16945cc17f11c2e4a0e3af2998bf"},"commands":{"count":"4","hash":"a931d640861e209529b99d65947e01a71dee936b94647971c8807410feab051d"},"documents":{"count":"1","hash":"f01efddc2449d896270b4cbbc124aa7ed4ed8499346dc2ec9f53d5ef8c3f3e8a"},"events":{"count":"0","hash":"e3b0c44298fc1c149afbf4c8996fb92427ae41e4649b934ca495991b7852b855"},"events_v2":{"count":"4","hash":"6933c258a0ebcb36f6def35f76af74d70bf73c10692e9545f332579b75f898ae"},"history":{"count":"1","hash":"0d7063a754d81a1ea3eb63e79728e6fea0856c36ae9e50784765d762a9fb50aa"},"meta":{"count":"2","hash":"d87c92e425c23d08fa64c28dc999865857febec7939bc38326c00e4e19dde1cd"},"objects":{"count":"6","hash":"14c5e72c4c5ae83d567ee1fb3a7b10f9d12f58c9b80152311cfb8711c6b3c7a6"},"raster_preparations":{"count":"1","hash":"d554c0db66800c5eee42ddade58df29e157bdab557262d0c15202aa567305788"},"raster_reviews":{"count":"1","hash":"6e9ca5a3b73e586264f2838350adf1a862e4b174bf11d35c08ecb13e04f9da8b"},"read_releases":{"count":"0","hash":"e3b0c44298fc1c149afbf4c8996fb92427ae41e4649b934ca495991b7852b855"},"roots":{"count":"11","hash":"2a1943385278bbca558cfebc97144e325b467978d55c8b8f0e6994713298a24a"},"schema_migrations":{"count":"3","hash":"9f7789c1636256b27d68914eafad70200b120d249077dedb7a25eff9a2b02c23"},"snapshot_roots":{"count":"0","hash":"e3b0c44298fc1c149afbf4c8996fb92427ae41e4649b934ca495991b7852b855"},"snapshots":{"count":"0","hash":"e3b0c44298fc1c149afbf4c8996fb92427ae41e4649b934ca495991b7852b855"},"sqlite_schema":"sha256:f6d2f1c9e0cd0a1a37a8fe6de297ea5bfd57c6c1d16db65c0579116c7af5f336","staged_assets":{"count":"3","hash":"2703c4c35fae8e50edbbad094a88411cf23f1f85deb7a4cedd96144856fefe3d"},"transfer_reviews":{"count":"0","hash":"e3b0c44298fc1c149afbf4c8996fb92427ae41e4649b934ca495991b7852b855"}},"manifestFile":"schema4-backup-8e35dd3e-bfd1-4d35-818c-45bcbb3ebed2.sqlite.manifest.json","rollback":{"compatibleExecutable":"7388d1e625a6ac2c563bc64cca6318d264649acc","pendingApprovals":1},"strategy":"semantic-version-verified-backup-transactional-activation","to":5},"originalHashes":{"objects/sha256/10/10584db4c85cf1d5cbd2eda3429934a693b7c26268e63be96dbdb23d6dd42069":"sha256:10584db4c85cf1d5cbd2eda3429934a693b7c26268e63be96dbdb23d6dd42069","objects/sha256/2f/2f3e923287f4774cca06e8fdd8434b6c0181d48e5c9948b09bb68561bb9e907c":"sha256:2f3e923287f4774cca06e8fdd8434b6c0181d48e5c9948b09bb68561bb9e907c","objects/sha256/6f/6f24d5e2d2ae2a925db25c429a7fceb690fc7cb53bb909b52438538b4d9ff02d":"sha256:6f24d5e2d2ae2a925db25c429a7fceb690fc7cb53bb909b52438538b4d9ff02d","objects/sha256/b7/b703ce1c98980cbb1dfb0cc6fae32a617f9d6a985e390045ff736ee74839b3fe":"sha256:b703ce1c98980cbb1dfb0cc6fae32a617f9d6a985e390045ff736ee74839b3fe","objects/sha256/cf/cf572f5aabe811670c63de2cbf0e9f86ac25bc84942d190d4c44abf25632a38a":"sha256:cf572f5aabe811670c63de2cbf0e9f86ac25bc84942d190d4c44abf25632a38a","objects/sha256/ec/ec61acaa0a7eac1283cdf32d1de5258cca4843b0edd5ea7300774a030623305d":"sha256:ec61acaa0a7eac1283cdf32d1de5258cca4843b0edd5ea7300774a030623305d"},"oldWriterRefusals":["dfa383d56d21bc9c7bb40248db8a503fe33e6e46","7388d1e625a6ac2c563bc64cca6318d264649acc"],"rollbackResult":{"epoch":"2","state":{"record":{"hash":"sha256:eee3d2d379a5ae12ff11f841aeafad95b1d7d25ce24e9284f011fab56a9533b4","command":{"body":{"assetId":"04b75218-cae1-4834-91bd-71e177d3b7f3","reviewHash":"sha256:4f6b8fc490619e2bbf07291f236d331a75b06eb247d14fe0204f22bd3d75b5cb","reviewId":"6750b454-ef91-4c65-877f-202d49077bf1","type":"ApproveRaster"},"causationId":null,"clientId":"client_1","commandId":"68eb8053-85f9-40c4-a81b-0b2805d87357","correlationId":"correlation_1","documentId":null,"expectedDocumentRevision":null,"expectedEntityVersions":{"byteLength":"33","hash":"sha256:10584db4c85cf1d5cbd2eda3429934a693b7c26268e63be96dbdb23d6dd42069","mediaType":"application/json"},"issuedAt":"2026-09-26T03:00:00.000Z","schemaVersion":1,"sessionId":"session_1","transactionId":"6d45ebfd-f324-4df4-b3b9-1e620d3c1649"},"receipt":{"code":"INVALID_INPUT","commandId":"68eb8053-85f9-40c4-a81b-0b2805d87357","currentRevision":null,"details":{"byteLength":"83","hash":"sha256:903e1f9b1e3d7cc9d4011a3d0bb14d42330c60032c0e9c535d6edc4c564e9fb9","mediaType":"application/json"},"status":"rejected"}},"pending":null}}}
✔ unknown future storage is inspected without mutation and returns explicit recovery guidance (706.941084ms)
✔ schema5 capacity failure retains schema4 and every request, then retries safely (1037.044375ms)
✔ backup corruption fails verification before activation, retains evidence, and retries without changing requests (1066.358625ms)
✔ activation rechecks the verified database backup before publishing schema5 (1208.565542ms)
✔ activation rechecks the verified manifest backup before publishing schema5 (1030.268667ms)
✔ SIGKILL approval-schema-before-backup preserves pending approval and restarts exactly (1058.189083ms)
✔ SIGKILL approval-schema-backup-written preserves pending approval and restarts exactly (1110.370166ms)
✔ SIGKILL approval-schema-backup-verified preserves pending approval and restarts exactly (1118.414875ms)
✔ SIGKILL approval-schema-before-activation preserves pending approval and restarts exactly (1218.13825ms)
✔ SIGKILL approval-schema-after-activation preserves pending approval and restarts exactly (1236.688333ms)
✔ shared two IO slots, combined64 preparations, exact pending identity and conflicting writer command (6933.010541ms)
✔ disk admission retains pending identity and later resumes same operation; original bytes are retained (985.565125ms)
✔ raster typed snapshots retain full closure and exact pixels after full-log and snapshot reopen (2826.943291ms)
✔ schema4 migration preserves exact approvede8b9f1a data and its prior-code rollback (1147.417417ms)
✔ SEC01/02: exact OS-selected origin, anonymous shell, authenticated typed session/capabilities (354.7305ms)
✔ SEC01: hostile hosts, origins, duplicate and forwarded headers do not consume pairing (333.860458ms)
✔ SEC02: missing-Origin reads require both same-origin metadata and LP-1 marker; no navigation bypass (374.94525ms)
✔ SEC03: one-use pairing is atomic and expires at precisely five minutes (316.750833ms)
✔ SEC03: rotation, revoke and concurrent pending mutations invalidate old credentials (328.147875ms)
✔ SEC03: exact idle and absolute expiry; valid reads slide idle but renewal cannot extend twelve hours (442.40325ms)
✔ LP-1: strict bounded UTF-8 JSON and exact route envelopes reject before pairing effects (316.472458ms)
✔ session boundary: implemented routes stay authenticated, unfinished routes deny access, and keys never reach responses (326.571666ms)
✔ SEC06: real private root/file permissions, symlink and insecure-root rejection (601.557709ms)
✔ SEC03/06: root replacement invalidates the running boundary without modifying user data (338.621416ms)
✔ SEC06: filesystem-equivalent static/private roots and either ancestor relationship are rejected (357.726417ms)
ℹ Host supports case aliases.
✔ SEC03: actual killed-process restart rejects old cookie, CSRF and unused pairing; leaves root data intact (685.938083ms)
✔ SEC03/05: trusted static build and synchronous fragment-removal contract before shell resources (316.776417ms)
✔ Launcher: private fragment goes only to browser callback; executable launch records an OS-selected origin (746.321291ms)
✔ OS ownership: competing processes and case aliases refuse; death releases ownership and fences old callbacks (1044.801167ms)
ℹ Host resolves case aliases; actual alias contention was exercised.
✔ NewDocument and named checkpoint persist exact facts, history and receipt; replay has no effects (678.457792ms)
ℹ {"runtime":"26.10.0","sqlite":{"version":"3.53.4","source":"2026-07-24 19:02:57 bf7c7f30031888f4e796e429ab3978879485813aaca6f641c7b33e4e09459bcc"},"settings":{"journal_mode":"wal","synchronous":2,"foreign_keys":1,"busy_timeout":250,"fullfsync":1,"checkpoint_fullfsync":1,"page_size":4096,"page_count":100,"max_page_count":4294967294},"filesystem":{"type":"26","blockSize":"4096","availableBytes":"584567922688","totalBytes":"1995165736960"},"resources":{"ioChunkBytes":1048576,"maxTransfers":2,"admissionOverheadPercent":25,"freeMarginBytes":"1073741824","metadataHeadroomBytes":"67108864","metadataHeadroomPhysicallyPreallocated":false,"snapshotTailCeiling":500},"observations":{"appendMs":[],"replayMs":11.144667000000027,"snapshot":{"target":250,"pressure":false,"latest":null,"buildMs":0,"sliceMaxMs":0,"activationMs":0},"qualification":false},"memory":{"rss":98713600,"heapTotal":17186816,"heapUsed":9996224,"external":5856127,"arrayBuffers":214419}}
✔ canonical delivery: whitespace/key order retry once; changed provenance or Unicode conflicts without replacement (382.631875ms)
✔ public command boundary rejects duplicate keys, unknown fields/types, malformed UTF-8 and oversize without receipts (358.864375ms)
✔ concurrent revision race accepts exactly one checkpoint and durably rejects the stale draft (662.398833ms)
✔ all five rejection codes retain exact details; no rejection advances document sequence (785.456084ms)
✔ missing or corrupt immutable bytes cannot become accepted references and remain visible at restart (673.22625ms)
✔ streamed objects verify actual lengths/hashes, deduplicate bytes, retain orphans and obey admission reservations (971.8285ms)
✔ root modes, hardlinks, symlink subfiles and replaced paths fail closed without touching targets (729.07175ms)
✔ application-data defaults are explicit and refuse silent migration of the earlier root (1.026375ms)
✔ large event content is rejected without truncation; real snapshots preserve history past 500 events (3371.017166ms)
✔ SIGKILL at before-object-write: unfinished bytes never appear as an accepted document (591.277625ms)
✔ SIGKILL at before-object-flush: unfinished bytes never appear as an accepted document (549.851084ms)
✔ SIGKILL at after-object-flush: unfinished bytes never appear as an accepted document (569.477208ms)
✔ SIGKILL at before-object-rename: unfinished bytes never appear as an accepted document (559.636417ms)
✔ SIGKILL at after-object-rename: unfinished bytes never appear as an accepted document (535.881792ms)
✔ SIGKILL at after-object-directory-sync: unfinished bytes never appear as an accepted document (562.411125ms)
✔ SIGKILL at before-event-insert: receipt, event, roots and projection recover together; same-ID retry resolves lost delivery (816.470333ms)
✔ SIGKILL at before-commit: receipt, event, roots and projection recover together; same-ID retry resolves lost delivery (787.523167ms)
✔ SIGKILL at after-commit: receipt, event, roots and projection recover together; same-ID retry resolves lost delivery (794.972ms)
✔ real SQLite SQLITE_FULL rolls back acceptance and rejection receipts, then exact retry succeeds after capacity returns (828.628792ms)
✔ real filesystem permission failure during rename leaves no accepted reference and can retry unchanged bytes (599.856208ms)
✔ SQLite busy timeout is bounded off the parent event loop; failed mutation has no durable receipt (663.367042ms)
ℹ {"busyTimeoutObservedMs":311.6764169999997,"parentResponseDuringWorkerBusyMs":0.4769579999992857,"performanceQualification":false}
✔ all durable subfiles remain owner-only, including WAL, shared-memory file and abandoned staging (339.182416ms)
✔ durable font parser is exactly the approved bounded parser algorithm (1.452833ms)
✔ real font worker refuses restricted and corrupt staged bytes without altering the document (705.383ms)
✔ text realms share the writer budget; retries renew one owner and explicit release returns capacity (426.378917ms)
✔ schema9 fences the actual approved renderer foundation writer and verifies schema8 rollback including pending portable captures (1976.450917ms)
ℹ {"migration":{"backup":"schema8-backup-a56624a0-1f7d-4fce-aa66-20f12c2bfb4b.sqlite","backupHash":"sha256:9f1273d7dc39989efeab8819d079302cf0d6f55e252d660d8638c228cdbeda95","capability":"durable-text-v1-pf3-projection4","from":8,"manifest":{"asset_dependencies":{"count":"0","hash":"e3b0c44298fc1c149afbf4c8996fb92427ae41e4649b934ca495991b7852b855"},"asset_preparations":{"count":"0","hash":"e3b0c44298fc1c149afbf4c8996fb92427ae41e4649b934ca495991b7852b855"},"assets":{"count":"0","hash":"e3b0c44298fc1c149afbf4c8996fb92427ae41e4649b934ca495991b7852b855"},"checkpoints":{"count":"0","hash":"e3b0c44298fc1c149afbf4c8996fb92427ae41e4649b934ca495991b7852b855"},"client_bindings":{"count":"1","hash":"2e203ebeea0d5d2cd26ddf773bf6eb5a7f1d20aaed1f35ed563a20c5dc24e022"},"commands":{"count":"4","hash":"5022d97ad6475b7afa7d582137a5389c3896f923cdadc4cbcae7b89f8e0b2595"},"documents":{"count":"2","hash":"9b44be794b0c6715e27a6a4932996c5473a957b3045c43d816c8313023d7621c"},"events":{"count":"0","hash":"e3b0c44298fc1c149afbf4c8996fb92427ae41e4649b934ca495991b7852b855"},"events_v2":{"count":"4","hash":"612a3f4cf0469ce58e92ac5a77817eaca32bbc35d243ef620af25bd45a154f52"},"history":{"count":"2","hash":"75ef04dd96c3e55793ca65ec9334dd14472f7d89dcb18ce57640ed2ecd82c815"},"history_preparations":{"count":"0","hash":"e3b0c44298fc1c149afbf4c8996fb92427ae41e4649b934ca495991b7852b855"},"image_edit_reviews":{"count":"0","hash":"e3b0c44298fc1c149afbf4c8996fb92427ae41e4649b934ca495991b7852b855"},"image_previews":{"count":"0","hash":"e3b0c44298fc1c149afbf4c8996fb92427ae41e4649b934ca495991b7852b855"},"meta":{"count":"2","hash":"821a4178fd4871ad8facd081bfcfddf32ab8f80baa23c2e2ca1ccb288bfd3fe0"},"objects":{"count":"4","hash":"36397b0e4b6c12227dbae4c0e7d2a842d301984bcc000eb0948fb1b3e92f7714"},"portable_bundles":{"count":"1","hash":"39885d0bef76fa822bf30718fa13c5f6a3a5eb1d0952c9759dd2279c505fbc3e"},"portable_cancellations":{"count":"0","hash":"e3b0c44298fc1c149afbf4c8996fb92427ae41e4649b934ca495991b7852b855"},"portable_maps":{"count":"3","hash":"280d9c200d513dc29baaa644657a4a5dcae453f949d78a80354f7d1597c90121"},"portable_namespaces":{"count":"1","hash":"9f8f5f5b5f4d30f67b43226ad180357fea6cdbdfa10fb0d32154fdd733d250eb"},"portable_pins":{"count":"1","hash":"2fb7099fc37e0c7b5180dae0a0d2c25d753da991804c2751e71549d5de83078d"},"portable_preparations":{"count":"1","hash":"54a9513392d94e1b12e832abee2182a2860cd161a9429390cc7094e7cf0a19c7"},"portable_quarantined_hashes":{"count":"0","hash":"e3b0c44298fc1c149afbf4c8996fb92427ae41e4649b934ca495991b7852b855"},"portable_review_maps":{"count":"3","hash":"07d6628b08b7efa4e00e8585d6c4ace3100deabe73704527c60f29fd4577e7a7"},"portable_review_sources":{"count":"1","hash":"0d3478bd6911677b37ddadb089c7e93c21b3c9572b08a9ea4c6e09dd2e763ab5"},"portable_reviews":{"count":"1","hash":"cb09b30499718846e1f35579e5df10d63b337f69a9e3e9f9a0033e3a1fa86992"},"portable_rows":{"count":"2","hash":"ad20245c882e5e2781efa74c67990700bcb3997d2173bb159507047d8b382e6e"},"raster_preparations":{"count":"0","hash":"e3b0c44298fc1c149afbf4c8996fb92427ae41e4649b934ca495991b7852b855"},"raster_reviews":{"count":"0","hash":"e3b0c44298fc1c149afbf4c8996fb92427ae41e4649b934ca495991b7852b855"},"read_releases":{"count":"0","hash":"e3b0c44298fc1c149afbf4c8996fb92427ae41e4649b934ca495991b7852b855"},"roots":{"count":"10","hash":"708fd1aa979a563394c17f9af97bd8a0bd788b11dd83828bb4f7af106a28c449"},"schema_migrations":{"count":"7","hash":"de1b90124617af7062cd69a7c1e723908237245abbd91685e8c6616bb58610bb"},"snapshot_roots":{"count":"0","hash":"e3b0c44298fc1c149afbf4c8996fb92427ae41e4649b934ca495991b7852b855"},"snapshots":{"count":"0","hash":"e3b0c44298fc1c149afbf4c8996fb92427ae41e4649b934ca495991b7852b855"},"sqlite_schema":"sha256:f1c80afb8934ee4c3efb36dda413a29674e6969d65ff3bbceffe060025e018e5","staged_assets":{"count":"1","hash":"ba4ebb70393886e328dbec8799a0931f614ea00952710d60413d5062e60c671a"},"transfer_reviews":{"count":"0","hash":"e3b0c44298fc1c149afbf4c8996fb92427ae41e4649b934ca495991b7852b855"},"ui_checkpoints":{"count":"0","hash":"e3b0c44298fc1c149afbf4c8996fb92427ae41e4649b934ca495991b7852b855"},"ui_events":{"count":"0","hash":"e3b0c44298fc1c149afbf4c8996fb92427ae41e4649b934ca495991b7852b855"},"ui_receipts":{"count":"0","hash":"e3b0c44298fc1c149afbf4c8996fb92427ae41e4649b934ca495991b7852b855"}},"manifestFile":"schema8-backup-a56624a0-1f7d-4fce-aa66-20f12c2bfb4b.sqlite.manifest.json","rollback":{"compatibleExecutable":"dcd5f11dbd57cd7ed00c8ddf410857ce4700440e"},"strategy":"semantic-version-verified-backup-transactional-activation","to":9},"priorRefusal":"UNSUPPORTED_STORAGE","rollbackCommand":"ca6d7e74-5181-44dc-a345-3c0195b1421c","rollbackReceipt":{"commandId":"ca6d7e74-5181-44dc-a345-3c0195b1421c","documentRevision":"1","fromSeq":"5","status":"accepted","toSeq":"5","transactionId":"28a15140-ae14-4f81-beb8-012a18613ba9"},"allOriginalTablesAndFilesPreserved":true}
✔ schema9 capacity refusal leaves schema8 and exact pending requests intact (1331.852333ms)
✔ schema9 activation refuses changed backup-written without altering source (1367.622334ms)
✔ schema9 activation refuses changed database without altering source (1425.14525ms)
✔ schema9 activation refuses changed manifest without altering source (1389.8885ms)
✔ schema9 SIGKILL before-backup retains pending identity and original portable files (1380.252541ms)
✔ schema9 SIGKILL backup-written retains pending identity and original portable files (1423.666625ms)
✔ schema9 SIGKILL backup-verified retains pending identity and original portable files (1433.698833ms)
✔ schema9 SIGKILL before-activation retains pending identity and original portable files (1412.812417ms)
✔ schema9 SIGKILL after-activation retains pending identity and original portable files (1424.0955ms)
ℹ tests 519
ℹ suites 0
ℹ pass 519
ℹ fail 0
ℹ cancelled 0
ℹ skipped 0
ℹ todo 0
ℹ duration_ms 482935.3695
