✔ LP-1 resumable offsets, immutable logical identity, safe original receipt and inert text ranges (832.008ms)
✔ LP-1-R1 minimal inventory, exact review hash, explicit takeover and old in-flight callback fence (855.005083ms)
✔ stale and expired reviews reject durably; hostile declarations and raw images never become usable (950.508375ms)
✔ restart truncates unacknowledged tails, keeps staged offsets and original receipt ownership (1106.455167ms)
✔ SIGKILL upload-before-write preserves only the journaled offset and missing suffix (1193.292875ms)
✔ SIGKILL upload-before-flush preserves only the journaled offset and missing suffix (927.418042ms)
✔ SIGKILL upload-after-flush preserves only the journaled offset and missing suffix (1162.363958ms)
✔ SIGKILL upload-before-offset-commit preserves only the journaled offset and missing suffix (1178.977583ms)
✔ SIGKILL upload-after-offset-commit preserves only the journaled offset and missing suffix (1162.959375ms)
✔ SIGKILL preparation-before-commit resolves the original finalize identity once (1133.943542ms)
✔ SIGKILL preparation-after-commit resolves the original finalize identity once (1129.933333ms)
✔ SIGKILL finalize-before-flush resolves the original finalize identity once (1113.004666ms)
✔ SIGKILL finalize-after-flush resolves the original finalize identity once (1181.644042ms)
✔ SIGKILL finalize-before-rename resolves the original finalize identity once (1045.8855ms)
✔ SIGKILL finalize-after-rename resolves the original finalize identity once (1008.433208ms)
✔ SIGKILL finalize-after-directory-sync resolves the original finalize identity once (1076.328375ms)
✔ SIGKILL finalize-before-register resolves the original finalize identity once (1174.518083ms)
✔ SIGKILL asset-before-commit resolves the original finalize identity once (1272.977541ms)
✔ SIGKILL asset-after-commit resolves the original finalize identity once (1083.851833ms)
✔ SIGKILL transfer-before-commit keeps original owner or transfers exactly once (1075.895583ms)
✔ SIGKILL transfer-after-commit keeps original owner or transfers exactly once (1041.368833ms)
✔ competing HTTP command identities stay exclusive through pending responses and SIGKILL restart (3181.487667ms)
✔ actual7ef07dd migration preserves all retained tables and verified rollback database (4075.336ms)
✔ asset event replay and snapshots keep original bytes and dependencies across restart (2581.324042ms)
✔ staging symlinks are rejected without writing the target, and reservation pressure retains data (351.555083ms)
✔ journal capacity failure cannot invent a pending command or replace its original rejection (1151.504583ms)
✔ recovery inventory paginates minimal metadata and content pins detect later file changes (5104.885083ms)
✔ durable preparation waits for shared reader slots and retains original command ownership (416.672041ms)
✔ malformed owned manifest is a durable rejection and does not strand or accept the pending original (384.929208ms)
✔ history rejects missing authoritative dependency after proof, preserves old pixels and receipt (1211.384125ms)
✔ history rejects changed authoritative dependency after proof, preserves old pixels and receipt (1144.828333ms)
✔ history rejects same-byte-replacement authoritative dependency after proof, preserves old pixels and receipt (1165.75325ms)
✔ missing hidden/deleted and historical pixels are explicit recovery, never a re-decode on restart (1860.882ms)
✔ actual SQLite FULL at acceptance never publishes image revision and same durable identity retries after restart (2903.797167ms)
✔ frozen export and a separate UI intent retain independent revisions (1386.259792ms)
✔ UI checkpoint SQLite FULL leaves prior preferences and receipt absent, exact retry succeeds (1593.285167ms)
✔ real import, transform, opacity, undo/redo, retained branch/checkpoint, restart and exact export (2250.858292ms)
✔ concurrent revisions, deleted identity, locks, masks, crop and canvas bounds are explicit (2658.101584ms)
✔ export freezes the selected image revision while a preceding queued edit commits, and blank export is explicit PNG (1795.579709ms)
✔ SIGKILL history-preparation-before-commit retains image command identity, complete transaction and exact restart pixels (1771.857417ms)
✔ SIGKILL history-preparation-after-commit retains image command identity, complete transaction and exact restart pixels (1756.528541ms)
✔ SIGKILL history-after-proofs retains image command identity, complete transaction and exact restart pixels (1938.853875ms)
✔ SIGKILL history-before-register retains image command identity, complete transaction and exact restart pixels (1951.790917ms)
✔ SIGKILL history-before-event retains image command identity, complete transaction and exact restart pixels (1761.484041ms)
✔ SIGKILL history-before-commit retains image command identity, complete transaction and exact restart pixels (1644.755208ms)
✔ SIGKILL history-after-commit retains image command identity, complete transaction and exact restart pixels (1516.978625ms)
✔ SIGKILL approved resampling image-edit-preparation-after-commit retains the exact command and expires uncommitted review authority (1878.054375ms)
✔ SIGKILL approved resampling history-after-proofs retains the exact command and expires uncommitted review authority (1803.634833ms)
✔ SIGKILL approved resampling image-edit-before-commit retains the exact command and expires uncommitted review authority (1712.218875ms)
✔ SIGKILL approved resampling image-edit-after-commit retains the exact command and expires uncommitted review authority (1740.9ms)
✔ independent semantic patches and complete retained graph match all branches/checkpoints, pure restart/undo/redo cannot launch raster or network effects (2562.522833ms)
ℹ {"requiredRootCount":24,"retainedAssetCount":5,"retainedClosureCount":24,"originalHash":"sha256:a3cae590bdfbefccf2a213b088a3e46b88d5d05606a74eed120d546dcc2c80d9","branchHead":"c4740da1-ff12-42eb-950b-5f930cc5835c","zeroEffects":{"submit":0,"upload":0,"poll":0,"cancel":0,"fetch":0,"socket":0,"dns":0,"datagram":0}}
✔ previewed intrinsic image resampling creates new pixels only after explicit approval; exact versions survive undo/redo and stale review (1697.007042ms)
✔ flatten-copy review freezes selected stacking and actual full preview; hide is explicit, originals and branch remain (3182.052375ms)
✔ document-aligned masks remain attached through resampling and refuse implicit canvas remapping (1632.552167ms)
✔ review expires on session renewal, locked source refuses hiding and wrong kind cannot apply a prepared image (1781.373333ms)
✔ schema6 preserves actual approved schema5 pending preparation and verified rollback (2019.072416ms)
ℹ {"schema6Migration":{"backup":"schema5-backup-3ba7c413-2413-4f15-a233-4ccddf1aee27.sqlite","backupHash":"sha256:d749732469aaed3419632f90d0b7c725a7cb1de0d9d29d5f70c22e75a59ff08a","capability":"image-history-ui-v1","from":5,"manifest":{"asset_dependencies":{"count":"5","hash":"e5cf44f1cda413402ee79108dc67308e37a851b07478e46794f60a86fb15523e"},"asset_preparations":{"count":"0","hash":"e3b0c44298fc1c149afbf4c8996fb92427ae41e4649b934ca495991b7852b855"},"assets":{"count":"2","hash":"cfc1ea960a95317f6c6a2fee4ff23e6073666fa4d0f95247c218811907b15430"},"checkpoints":{"count":"0","hash":"e3b0c44298fc1c149afbf4c8996fb92427ae41e4649b934ca495991b7852b855"},"client_bindings":{"count":"1","hash":"ee6ba7a179256ea88da75e801ec6567ead4bd7f88b9e2679b341387eb12e9a8e"},"commands":{"count":"4","hash":"e623f5a68d7ca33b5bb11aee3cba53cdb38316424ce601fd6a9c11f3d21bf3d9"},"documents":{"count":"1","hash":"7dccda8db439fa276622ac9739a00c24ccf271cbc79de337e271e8e74992c6ea"},"events":{"count":"0","hash":"e3b0c44298fc1c149afbf4c8996fb92427ae41e4649b934ca495991b7852b855"},"events_v2":{"count":"4","hash":"84ceeeee318d6065e61bff77019cd0a162b6e5328dd57ed2d090f5e920f4bb59"},"history":{"count":"1","hash":"9d0afc82772795db2938f6867c0f08659c14c8107c09ffe4a87c0edc49df52a9"},"meta":{"count":"2","hash":"d87c92e425c23d08fa64c28dc999865857febec7939bc38326c00e4e19dde1cd"},"objects":{"count":"6","hash":"9d0a0720e73e38678f4d3ef79a7dd55f58834adbcb429942e8c5b96a7b4a2fdd"},"raster_preparations":{"count":"1","hash":"179c53ecd67bcee583484e11cc3ab320d8c8a6fb67a64ea3f82d7c1dd8d8b1a2"},"raster_reviews":{"count":"1","hash":"5aa1f420676c6ab2f5f3fe82886471cf0f2d925afb79ef329f475a09c9cd7da7"},"read_releases":{"count":"0","hash":"e3b0c44298fc1c149afbf4c8996fb92427ae41e4649b934ca495991b7852b855"},"roots":{"count":"11","hash":"4ea250805f7a2d03520e7748dfad0552653f4f5bbe4a19803fa28be02503c05e"},"schema_migrations":{"count":"4","hash":"622aad40812e5c22d05105eb20ab3c635c0087efe15ee7e779a1c718dd048660"},"snapshot_roots":{"count":"0","hash":"e3b0c44298fc1c149afbf4c8996fb92427ae41e4649b934ca495991b7852b855"},"snapshots":{"count":"0","hash":"e3b0c44298fc1c149afbf4c8996fb92427ae41e4649b934ca495991b7852b855"},"sqlite_schema":"sha256:f6d2f1c9e0cd0a1a37a8fe6de297ea5bfd57c6c1d16db65c0579116c7af5f336","staged_assets":{"count":"3","hash":"1028cbc3b8ab51c9e518fc1812bebbadb02360337733270d7693d5d6cd6d88cc"},"transfer_reviews":{"count":"0","hash":"e3b0c44298fc1c149afbf4c8996fb92427ae41e4649b934ca495991b7852b855"}},"manifestFile":"schema5-backup-3ba7c413-2413-4f15-a233-4ccddf1aee27.sqlite.manifest.json","rollback":{"compatibleExecutable":"92e5247ed3279f25292f8e312661bf3b12deffe7"},"strategy":"semantic-version-verified-backup-transactional-activation","to":6},"pending":{"command":{"schemaVersion":1,"commandId":"57b7d125-0682-4d2c-8d9f-fa50364c8cb9","clientId":"client_1","sessionId":"session_1","correlationId":"correlation_1","causationId":null,"transactionId":"91c61614-5e84-4632-b7f2-489c2b0fef1d","documentId":null,"expectedDocumentRevision":null,"expectedEntityVersions":{"hash":"sha256:10584db4c85cf1d5cbd2eda3429934a693b7c26268e63be96dbdb23d6dd42069","byteLength":"33","mediaType":"application/json"},"issuedAt":"2026-09-26T03:00:00.000Z","body":{"type":"PrepareRaster","assetId":"c83c45fe-6a43-4aec-8492-a38328c26af2"}},"hash":"sha256:0a5c0e35cfca670ed3d90ab7592bc3b7cb7dbcc236dc7e9f2bb89f304682adba","operationId":"4b2499b3-7c10-41f4-aa3f-5dbe00abd0fa","phase":"preparing"},"oldRefusal":9,"rollback":{"epoch":"2","state":{"record":{"hash":"sha256:0a5c0e35cfca670ed3d90ab7592bc3b7cb7dbcc236dc7e9f2bb89f304682adba","command":{"body":{"assetId":"c83c45fe-6a43-4aec-8492-a38328c26af2","type":"PrepareRaster"},"causationId":null,"clientId":"client_1","commandId":"57b7d125-0682-4d2c-8d9f-fa50364c8cb9","correlationId":"correlation_1","documentId":null,"expectedDocumentRevision":null,"expectedEntityVersions":{"byteLength":"33","hash":"sha256:10584db4c85cf1d5cbd2eda3429934a693b7c26268e63be96dbdb23d6dd42069","mediaType":"application/json"},"issuedAt":"2026-09-26T03:00:00.000Z","schemaVersion":1,"sessionId":"session_1","transactionId":"91c61614-5e84-4632-b7f2-489c2b0fef1d"},"receipt":{"commandId":"57b7d125-0682-4d2c-8d9f-fa50364c8cb9","documentRevision":null,"fromSeq":"5","status":"accepted","toSeq":"5","transactionId":"91c61614-5e84-4632-b7f2-489c2b0fef1d"}},"pending":null}}}
✔ schema6 preserves actual approved schema5 pending approval and verified rollback (1459.46075ms)
ℹ {"schema6Migration":{"backup":"schema5-backup-077d1451-e39f-4759-b3cb-6925416ec662.sqlite","backupHash":"sha256:5e436db6f189660be20fb5ae6508e7b7c19810a102b68cd87354016afa559e5e","capability":"image-history-ui-v1","from":5,"manifest":{"asset_dependencies":{"count":"5","hash":"0e0ff4297886ec83ba4b585bbf49e82f2dc04199525da213499081a89633fb91"},"asset_preparations":{"count":"0","hash":"e3b0c44298fc1c149afbf4c8996fb92427ae41e4649b934ca495991b7852b855"},"assets":{"count":"2","hash":"9b15ed19d55ca8089aa355875e8ad657ec7235dbdbc1a342fd68e81dad180562"},"checkpoints":{"count":"0","hash":"e3b0c44298fc1c149afbf4c8996fb92427ae41e4649b934ca495991b7852b855"},"client_bindings":{"count":"1","hash":"e4b14ce8ee3c95863f3e5864ac3e23c91e01e5c11cf6d3c87aa4acc023fd4a1f"},"commands":{"count":"4","hash":"c4300175881458ef0a3ad623f757b0654d3ee1d533df9d11293ea9bb7ddc034b"},"documents":{"count":"1","hash":"ef82fc30fd84730631733d57873b6b13d31d2488c2478fbcc2b263d6969468a2"},"events":{"count":"0","hash":"e3b0c44298fc1c149afbf4c8996fb92427ae41e4649b934ca495991b7852b855"},"events_v2":{"count":"4","hash":"3585b3b620611c7722ccdf0fe3ce59bbbdf41ea5c8e38d1ea8f92480dbb4ed91"},"history":{"count":"1","hash":"fd7817b3e377c61b9c7feee1cb6240daf3565f40efe7bdd03f90216755b8cb2d"},"meta":{"count":"2","hash":"d87c92e425c23d08fa64c28dc999865857febec7939bc38326c00e4e19dde1cd"},"objects":{"count":"6","hash":"c12968795fbb24e1e883df6168ee87c04ea1eb996419c680f4c43f4b56a8ee10"},"raster_preparations":{"count":"1","hash":"88d8e43fd51a782bc055c7cc7ce5abafb6caa78045bffb0e5f0b465283a55f9a"},"raster_reviews":{"count":"1","hash":"285834b283128253507b4c1e67f9093bb820c680edc1fc8062629848b274e1c1"},"read_releases":{"count":"0","hash":"e3b0c44298fc1c149afbf4c8996fb92427ae41e4649b934ca495991b7852b855"},"roots":{"count":"11","hash":"58d5f2415f1885f288739c4548cf15b571f133eec9de3c81b05d5d9d05877b8f"},"schema_migrations":{"count":"4","hash":"622aad40812e5c22d05105eb20ab3c635c0087efe15ee7e779a1c718dd048660"},"snapshot_roots":{"count":"0","hash":"e3b0c44298fc1c149afbf4c8996fb92427ae41e4649b934ca495991b7852b855"},"snapshots":{"count":"0","hash":"e3b0c44298fc1c149afbf4c8996fb92427ae41e4649b934ca495991b7852b855"},"sqlite_schema":"sha256:f6d2f1c9e0cd0a1a37a8fe6de297ea5bfd57c6c1d16db65c0579116c7af5f336","staged_assets":{"count":"3","hash":"e70f9296332869e6c44fee2e5cabec9129de8c9bae44d7d74638d23a0c869d27"},"transfer_reviews":{"count":"0","hash":"e3b0c44298fc1c149afbf4c8996fb92427ae41e4649b934ca495991b7852b855"}},"manifestFile":"schema5-backup-077d1451-e39f-4759-b3cb-6925416ec662.sqlite.manifest.json","rollback":{"compatibleExecutable":"92e5247ed3279f25292f8e312661bf3b12deffe7"},"strategy":"semantic-version-verified-backup-transactional-activation","to":6},"pending":{"command":{"schemaVersion":1,"commandId":"d31f0ad3-a9e3-4ee6-af0a-249670108ee5","clientId":"client_1","sessionId":"session_1","correlationId":"correlation_1","causationId":null,"transactionId":"69a3ac5d-b5fd-469a-955f-b89f3b0f2c8d","documentId":null,"expectedDocumentRevision":null,"expectedEntityVersions":{"hash":"sha256:10584db4c85cf1d5cbd2eda3429934a693b7c26268e63be96dbdb23d6dd42069","byteLength":"33","mediaType":"application/json"},"issuedAt":"2026-09-26T03:00:00.000Z","body":{"type":"ApproveRaster","assetId":"e7cdf811-af88-41a2-a45f-4acee9128662","reviewId":"b38b7584-b296-41a6-b3c2-84bed82697e4","reviewHash":"sha256:7c45da47ae1ede3f40ae321e365b3dd9dc5e003e3b9deaab05ed8b923a77a99a"}},"hash":"sha256:46017b6c52d1dc5b9be46045034885e26e7e313a6b2c2c579c4b6acfcac8952b","operationId":"d251b5ea-73e9-49e8-988d-ab10ee5916ff","phase":"preparing"},"oldRefusal":9,"rollback":{"epoch":"2","state":{"record":{"hash":"sha256:46017b6c52d1dc5b9be46045034885e26e7e313a6b2c2c579c4b6acfcac8952b","command":{"body":{"assetId":"e7cdf811-af88-41a2-a45f-4acee9128662","reviewHash":"sha256:7c45da47ae1ede3f40ae321e365b3dd9dc5e003e3b9deaab05ed8b923a77a99a","reviewId":"b38b7584-b296-41a6-b3c2-84bed82697e4","type":"ApproveRaster"},"causationId":null,"clientId":"client_1","commandId":"d31f0ad3-a9e3-4ee6-af0a-249670108ee5","correlationId":"correlation_1","documentId":null,"expectedDocumentRevision":null,"expectedEntityVersions":{"byteLength":"33","hash":"sha256:10584db4c85cf1d5cbd2eda3429934a693b7c26268e63be96dbdb23d6dd42069","mediaType":"application/json"},"issuedAt":"2026-09-26T03:00:00.000Z","schemaVersion":1,"sessionId":"session_1","transactionId":"69a3ac5d-b5fd-469a-955f-b89f3b0f2c8d"},"receipt":{"code":"INVALID_INPUT","commandId":"d31f0ad3-a9e3-4ee6-af0a-249670108ee5","currentRevision":null,"details":{"byteLength":"83","hash":"sha256:903e1f9b1e3d7cc9d4011a3d0bb14d42330c60032c0e9c535d6edc4c564e9fb9","mediaType":"application/json"},"status":"rejected"}},"pending":null}}}
✔ unknown future storage is inspected without mutation and returns explicit recovery guidance (798.761917ms)
✔ schema6 capacity failure retains schema5 and every request, then retries safely (1247.097041ms)
✔ backup corruption fails verification before activation, retains evidence, and retries without changing requests (1110.820375ms)
✔ activation rechecks the verified database backup before publishing schema6 (1160.069292ms)
✔ activation rechecks the verified manifest backup before publishing schema6 (1337.05025ms)
✔ SIGKILL history-schema-before-backup preserves pending approval and restarts exactly (1495.638333ms)
✔ SIGKILL history-schema-backup-written preserves pending approval and restarts exactly (1377.824458ms)
✔ SIGKILL history-schema-backup-verified preserves pending approval and restarts exactly (1677.330625ms)
✔ SIGKILL history-schema-before-activation preserves pending approval and restarts exactly (1504.193333ms)
✔ SIGKILL history-schema-after-activation preserves pending approval and restarts exactly (1392.499125ms)
✔ UI and full Unicode drafts persist independently, stale generations survive, applying fences composition (1689.796583ms)
✔ UI transcript compaction retains current draft and all domain events, selection reconciliation is visible (8277.011667ms)
✔ public preview rejects duplicate-json-key and preserves source and namespace (783.834958ms)
✔ public preview rejects noncanonical-json and preserves source and namespace (858.312167ms)
✔ public preview rejects missing-final-LF and preserves source and namespace (1068.399458ms)
✔ public preview rejects unknown-entity-field and preserves source and namespace (827.385ms)
✔ public preview rejects wrong-projection and preserves source and namespace (1018.254083ms)
✔ public preview rejects missing-required-history and preserves source and namespace (1041.948292ms)
✔ public preview rejects duplicate-entity and preserves source and namespace (1045.834958ms)
✔ public preview rejects duplicate-object and preserves source and namespace (1192.589833ms)
✔ public preview rejects event-sequence-duplicate and preserves source and namespace (982.534625ms)
✔ public preview rejects source-event-mutation and preserves source and namespace (1043.882625ms)
✔ public preview rejects event-beyond-highwater and preserves source and namespace (967.810292ms)
✔ public preview rejects root-hash-mismatch and preserves source and namespace (765.21775ms)
✔ public preview rejects unknown-root-field and preserves source and namespace (695.457833ms)
✔ public preview rejects descriptor-hash-mismatch and preserves source and namespace (678.339125ms)
✔ public preview rejects oversized-record and preserves source and namespace (665.556958ms)
✔ public preview rejects index-cycle and preserves source and namespace (672.112208ms)
✔ unknown format remains inspection-only with original source retained (694.911291ms)
✔ unknown format-extra remains inspection-only with original source retained (672.69375ms)
✔ unknown document remains inspection-only with original source retained (791.467167ms)
✔ unknown payload remains inspection-only with original source retained (838.911375ms)
✔ unknown record remains inspection-only with original source retained (718.624209ms)
✔ unknown entity remains inspection-only with original source retained (675.5115ms)
✔ changed history patch cannot publish a fresh editable namespace (1161.673542ms)
✔ shared acyclic index pages are accepted without duplicating their records (706.58175ms)
browser fixture ready 80
browser prior cursor { generation: 'prior', cursor: '0', epoch: null }
hydration fault missing-descriptor { error: 'TypeError: Failed to fetch' }
namespace descriptor 200 {
  byteLength: '342374',
  hash: 'sha256:893fd95a64896c66e36b085278d7e19ce95bf688700d3a9a9c0a0a15baca929f',
  mediaType: 'application/x-ndjson'
}
hydration fault wrong-context { error: 'Error: Recovery context changed' }
namespace descriptor 200 {
  byteLength: '342374',
  hash: 'sha256:893fd95a64896c66e36b085278d7e19ce95bf688700d3a9a9c0a0a15baca929f',
  mediaType: 'application/x-ndjson'
}
hydration fault missing-content { error: 'TypeError: Failed to fetch' }
namespace descriptor 200 {
  byteLength: '342374',
  hash: 'sha256:893fd95a64896c66e36b085278d7e19ce95bf688700d3a9a9c0a0a15baca929f',
  mediaType: 'application/x-ndjson'
}
hydration fault truncated-content { error: 'Error: Content integrity check failed' }
✔ Chromium restart recovery hydrates a multi-chunk imported namespace before the cursor and survives missing or corrupt pages (8070.915625ms)
ℹ {"finding":"I-PF02","browser":"153.0.8010.12","cursor":"80","assets":3,"history":2,"checkpoints":70,"failedHydrationRetainsPrior":true,"externalRequests":[],"qualification":false}
SSE reached {
  published: {
    generation: '43edece2-738f-44c3-99b6-c534198c79b4',
    cursor: '11',
    epoch: '3'
  },
  failure: undefined
}
✔ Chromium SSE import uses its pinned context, publishes complete rows once and ignores duplicate delivery (2107.828583ms)
✔ Chromium snapshot plus tail includes all imported domain projections after server restart (5474.395833ms)
ℹ {"finding":"I-PF02","browser":"153.0.8010.12","snapshotRecovery":true,"namespaceRowsAgree":true,"externalRequests":[],"qualification":false}
✔ Chromium validates every retained namespace link despite recomputed descriptor and content, then preserves the cross-tab winner (4021.226083ms)
ℹ {"finding":"I-PF02","kind":"structural linkage, not hash/authenticity failure","browser":"153.0.8010.12","results":[{"fault":"missing-nonhead-history","result":{"error":"Error: Missing imported history link"},"rewroteDescriptorAndContent":true,"priorPreserved":true},{"fault":"dangling-history-parent","result":{"error":"Error: Missing imported history link"},"rewroteDescriptorAndContent":true,"priorPreserved":true},{"fault":"dangling-checkpoint-head","result":{"error":"Error: Missing imported history link"},"rewroteDescriptorAndContent":true,"priorPreserved":true},{"fault":"foreign-history-parent","result":{"error":"Error: Missing imported history link"},"rewroteDescriptorAndContent":true,"priorPreserved":true},{"fault":"foreign-checkpoint-head","result":{"error":"Error: Missing imported history link"},"rewroteDescriptorAndContent":true,"priorPreserved":true},{"fault":"missing-retained-composite","result":{"error":"Error: Missing imported asset link"},"rewroteDescriptorAndContent":true,"priorPreserved":true},{"fault":"dangling-asset-source","result":{"error":"Error: Missing imported asset link"},"rewroteDescriptorAndContent":true,"priorPreserved":true},{"fault":"history-cycle","result":{"error":"Error: Invalid imported history graph"},"rewroteDescriptorAndContent":true,"priorPreserved":true},{"fault":"asset-cycle","result":{"error":"Error: Invalid imported asset graph"},"rewroteDescriptorAndContent":true,"priorPreserved":true}],"healthyRetainedHistory":4,"healthyCheckpoints":3,"redo":"p_85330aeacad787455e3c9bbd5dc5605b6e2f1b24830456051cf9d74e7b525c0f","crossTabWinnerPreserved":true,"qualification":false}
✔ actual d4 accepted format1 namespace new copy is proven without rewriting original history (3911.645541ms)
ℹ {"finding":"I-PF01","priorExecutable":"d4ed761","legacy":"proven","originalArchive":"sha256:3bab600a8e65190414b000c19c55c55c5bf42c92b7ea8931ffa49800168d5c7a","acceptedNamespace":"8a22e4ae-19a4-4512-ac61-cb9f37601a26","originalTransaction":{"commandId":"5a420ae6-1f9a-45ed-9aa1-e2c7dbaa3e9c","documentRevision":"2","fromSeq":"6","status":"accepted","toSeq":"7","transactionId":"bc4f3855-f73c-4050-8b9a-4d69c394c2bb"},"preservedOriginal":true}
✔ actual d4 accepted format1 namespace new copy is truncated without rewriting original history (2121.825ms)
ℹ {"finding":"I-PF01","priorExecutable":"d4ed761","legacy":"truncated","originalArchive":"sha256:711ec9719959a38199ac63a3382b869f8b2998f525ba86b258bdb436f9a6bd57","acceptedNamespace":"c536c19f-dcb9-4696-a104-c06e5632c323","originalTransaction":{"commandId":"d6037493-9f72-4653-9bc1-e6b616ba3def","documentRevision":"2","fromSeq":"6","status":"accepted","toSeq":"7","transactionId":"afe1bbdb-fd87-4f11-93fd-ab6fdc0872b9"},"preservedOriginal":true}
✔ actual d4 accepted format1 namespace new copy is foreign without rewriting original history (2571.059166ms)
ℹ {"finding":"I-PF01","priorExecutable":"d4ed761","legacy":"foreign","originalArchive":"sha256:2a37428c84eb6eb4fc84f8248c86377361862b7234fccdf3ddf9300cb25a52fd","acceptedNamespace":"f0c23e02-9961-49e1-85da-da7b08dcbab1","originalTransaction":{"commandId":"630ad19a-a782-4505-b84d-799f0a7632ae","documentRevision":"2","fromSeq":"6","status":"accepted","toSeq":"7","transactionId":"58e4daba-eacc-48aa-aa32-198cb9ae2958"},"preservedOriginal":true}
✔ actual d4 pending frozen capture upgrades from immutable receipts (1452.061209ms)
ℹ {"finding":"I-PF01","proven":true,"originalCommand":"f4b5277c-c25c-46b2-9f14-ebc4205b16b1","operation":"90ec43d6-5be9-457d-a958-2e80374d8807","frozen":"{\"capture\":\"90ec43d6-5be9-457d-a958-2e80374d8807\",\"captureHash\":\"sha256:e7cc2d970298c0053730dde3edf348d7c3dd23e48523c9adc5a2530925361342\",\"document\":{\"branchId\":\"7bba840c-d8cb-4a7c-8c64-d84a930f1461\",\"checkpoint\":null,\"color\":\"sRGB\",\"compositionVersion\":null,\"depth\":8,\"height\":2,\"historyHead\":\"bba0aa25-d609-4fd9-a057-24b74a911513\",\"id\":\"document_1\",\"image\":{\"compositeAssetId\":\"ffd31709-058a-4b9f-b3db-d31667c23390\",\"semanticDigest\":\"sha256:c04909ff13e7bfbdab138cb3bf98afe03bd3d365e651b89daa83eca40f796524\",\"state\":{\"byteLength\":\"271\",\"hash\":\"sha256:86c2aef1d2732861b7d2d38aa007b718677cb7da7319bfdd57a5906463937550\",\"mediaType\":\"application/json\"}},\"orderedLayerIds\":[\"picture\"],\"redo\":null,\"revision\":\"2\",\"width\":3},\"highWater\":\"8\",\"uiDigest\":\"sha256:e3b0c44298fc1c149afbf4c8996fb92427ae41e4649b934ca495991b7852b855\"}","receipt":{"commandId":"f4b5277c-c25c-46b2-9f14-ebc4205b16b1","documentRevision":"2","fromSeq":"9","status":"accepted","toSeq":"9","transactionId":"932050cc-214d-4a03-828b-c799826486af"},"captureUnchanged":true}
✔ actual d4 pending frozen capture retains exact pending identity when evidence is unavailable (2927.056083ms)
ℹ {"finding":"I-PF01","proven":false,"originalCommand":"c6f35b6c-9de7-4cfb-9769-6ed68c93d25d","operation":"8f8c8b77-5a06-491e-a6e4-cef345d700a1","frozen":"{\"capture\":\"8f8c8b77-5a06-491e-a6e4-cef345d700a1\",\"captureHash\":\"sha256:0fe0b4c9f4fa9b230184b6a5a69146fe660c60cc71e0cb5bc78602a2efb73081\",\"document\":{\"branchId\":\"p_576d697322c63f4679b4a6fff7d99adf59db87e93b8e60ff5078b89bffd24346\",\"checkpoint\":null,\"color\":\"sRGB\",\"compositionVersion\":null,\"depth\":8,\"height\":2,\"historyHead\":\"p_5934fc2dbaceaa58f2a6c675dd294d2834f78e2132428950f9f876e1d801afb7\",\"id\":\"p_0df2398148c3ac2413629ca9a6ecba55c4aa513801c7776d5733d445314ad454\",\"image\":{\"compositeAssetId\":\"p_ca65972c0e0b63ed00b104b0667131bf11869b4030f7a2ce0c1fd2f2b99cfeea\",\"semanticDigest\":\"sha256:fef0af44f9b81c7d5250082fa972dfd7bb712db98e52fe7afeaf800c7da093fe\",\"state\":{\"byteLength\":\"360\",\"hash\":\"sha256:34efd2a329dcb1c74364dd09ad7ecc01660802b291867fbbc565f39000054bd5\",\"mediaType\":\"application/json\"}},\"orderedLayerIds\":[\"p_e9f6312fa843caab86000bef131af0aba02e7ade6b8c9e8bac1ca2979143df90\"],\"redo\":null,\"revision\":\"2\",\"width\":3},\"highWater\":\"2\",\"uiDigest\":\"sha256:e3b0c44298fc1c149afbf4c8996fb92427ae41e4649b934ca495991b7852b855\"}","receipt":null,"captureUnchanged":true}
✔ missing deleted-layer-pixels refuses copy and preserves all other current roots (1279.02675ms)
✔ missing hidden-branch-pixels refuses copy and preserves all other current roots (1343.702542ms)
✔ durable preparation remains pinned and cancellation releases only its owned pins after terminal rejection (711.197209ms)
✔ review UI mappings page every imported checkpoint without a session count cap (5999.0035ms)
ℹ UI checkpoints persisted
ℹ Archive copied
ℹ Archive reviewed
ℹ Mapping pages read
ℹ Fresh namespace accepted
✔ actual SQLite FULL preserves identity and source through same-authority-retry (14478.377334ms)
ℹ {"recovery":"same-authority-retry","sqlitePageLimit":662,"restoredFreePages":493,"fillerRows":437,"nativeSQLiteCode":13,"actualNamespaceRowsAfterFailure":0,"observedFailure":"STORAGE_FULL","sourceTablesPreserved":["documents","history","checkpoints","objects","roots","commands","events_v2","assets","asset_dependencies","ui_checkpoints","ui_events","ui_receipts","staged_assets","portable_reviews","portable_review_sources","portable_review_maps","portable_pins"],"originalSourcePreserved":true,"originalCommandId":"ef28c321-6c4e-4b5e-b909-e55f05b34c0b","originalCommandHash":"sha256:83ac9528c4087ab2c151b9ea2575ec533a25da0c6707d97725916b7201c6018e","originalOperationId":"acdb4b6f-c7d3-4842-b162-2f7384e9b123","originalReviewId":"cb033ba6-ca2a-4a8a-a5ad-9ff83d7df64d","acceptedCommandId":"ef28c321-6c4e-4b5e-b909-e55f05b34c0b","acceptedReviewId":"cb033ba6-ca2a-4a8a-a5ad-9ff83d7df64d","sameOriginalIdentityPreserved":true,"singleNamespace":true,"singleAcceptedEvent":true,"restartRequiresFreshReview":false}
✔ actual SQLite FULL preserves identity and source through restart-expired-review (11876.511375ms)
ℹ {"recovery":"restart-expired-review","sqlitePageLimit":662,"restoredFreePages":493,"fillerRows":437,"nativeSQLiteCode":13,"actualNamespaceRowsAfterFailure":0,"observedFailure":"STORAGE_FULL","sourceTablesPreserved":["documents","history","checkpoints","objects","roots","commands","events_v2","assets","asset_dependencies","ui_checkpoints","ui_events","ui_receipts","staged_assets","portable_reviews","portable_review_sources","portable_review_maps","portable_pins"],"originalSourcePreserved":true,"originalCommandId":"1efc7533-49d0-432f-a0c1-dea8af7c0818","originalCommandHash":"sha256:dc918fea875d1131879d5dc66928b6ac1e59c35f72412f34efe9e789f3b67094","originalOperationId":"d290bcf2-3a5b-4903-8486-18b08bc1de0d","originalReviewId":"7644d71c-5b24-45d2-94b6-c88a685e7153","acceptedCommandId":"87efdb7f-3428-4ce0-a58d-881470a1cdd2","acceptedReviewId":"e258b313-e7e3-4791-b60a-55b41e01498c","sameOriginalIdentityPreserved":true,"singleNamespace":true,"singleAcceptedEvent":true,"restartRequiresFreshReview":true}
✔ empty document real HTTP copy, review, fresh namespace import and exact retry (909.903583ms)
✔ image retained pixels and old branch reopen in fresh namespace (2505.190625ms)
✔ restored draft apply clear recopy retains exact history ownership and dedup (4208.168417ms)
ℹ {"finding":"I-PF03","restart":false,"owner":"ui:4c3584fa-7558-4f69-a759-2cc677e3ec6a:p_28835ef9dcc9d1f9fa3e535ecc6d680ce69eb96fccb9a405c95372bb540a1b4a:p_355cd09fdd4cf5fa483b06abe323ec8c630e54e993335940aa721b9bf2ae7faa:1","blob":{"byteLength":"37","hash":"sha256:370464cc0108380974debab23abc46ccfd4dbeae26fd5437e15a65d2edb2023d","mediaType":"text/plain"},"importReceipt":{"commandId":"0d5eb4e2-85d5-42cf-b228-a0c0e44799ce","documentRevision":"2","fromSeq":"13","status":"accepted","toSeq":"13","transactionId":"a33fb252-f985-42ab-840f-134f1a134059"},"applyReceipt":{"commandId":"cab4bb81-740f-463e-94f5-1c34447183e8","documentRevision":"3","fromSeq":"14","status":"accepted","toSeq":"14","transactionId":"1becc6c0-328d-4c4d-bd0b-7e6429428914"},"recopy":{"byteLength":"64431","hash":"sha256:143adf4a3a147fce6bde9145434ea6e3e7df58e386f1e00029face0b3fdc16f0","mediaType":"application/x-ideogram-project"},"reopened":"p_8d8933bd8792efb98036b438d38d2a533b22fb976cfe84037524d5d2f376596a","unrelatedExcluded":true}
✔ restored draft apply clear recopy retains exact history ownership across restart (4406.039333ms)
ℹ {"finding":"I-PF03","restart":true,"owner":"ui:b524a201-31c3-478e-9e73-75c6fe980b11:p_f1a3ba3b310a7bda6e8dabae1225fdc8751afe53fafe772ad4280d5acd691443:p_f7499a267b9d3b441a65620897ef3ff050eb75e2b81589d9003c14d20819eaed:1","blob":{"byteLength":"37","hash":"sha256:370464cc0108380974debab23abc46ccfd4dbeae26fd5437e15a65d2edb2023d","mediaType":"text/plain"},"importReceipt":{"commandId":"a0916746-3eb8-46a9-8340-0e084fba97e3","documentRevision":"2","fromSeq":"13","status":"accepted","toSeq":"13","transactionId":"4c0ef12e-e4c4-4b45-9795-2341dc5d4b8f"},"applyReceipt":{"commandId":"f2c48653-f145-4347-bdc1-8b71d7a226be","documentRevision":"3","fromSeq":"14","status":"accepted","toSeq":"14","transactionId":"d3e25be5-081e-48a7-95f5-436efc53c22d"},"recopy":{"byteLength":"64431","hash":"sha256:5df5d348a30f684c0d24a3b37e0c1042266fe77b78dc98dbd8d7f80cd34d5f3e","mediaType":"application/x-ideogram-project"},"reopened":"p_b5081f062f9569390bd071a6dc66470a1ddab1d838634f90754b16a3f2e41079","unrelatedExcluded":true}
✔ required current mapped draft ownership still fails explicitly when missing (1963.439625ms)
✔ required accepted-history mapped draft ownership still fails explicitly when missing (2091.985042ms)
✔ failed atomic import leaves no mapped draft owner or partial namespace and retains original roots (4652.6685ms)
✔ copy retains mask, deleted layer, inactive branches, checkpoint, export and exact source events; reopen restarts and navigates all (5655.347833ms)
ℹ {"retainedHistoryNodes":5,"retainedAssetIds":9,"sourceEventCount":12,"literalPixelOracles":true,"sourceTransactionsPreserved":true,"namespaceFresh":true,"providerEffects":0}
✔ real non-sparse STORE bytes exceed 4 GiB and a following entry uses an actual 64-bit offset (6563.753542ms)
ℹ {"fixture":"real repeated nonzero bytes; no sparse file or forged size","payloadBytes":"4296015889","archiveBytes":"4296016564","allocatedBytes":4311748608,"maxIOChunk":1048576,"peakRSS":200851456,"fullTestMs":6451.796541000001,"qualification":false,"limits":"ZIP transport correctness only; not the R39 document campaign"}
✔ real canonical JSONL index exceeds 128 MiB in bounded writer/parser segments (11617.035708ms)
ℹ {"fixture":"synthetic canonical checkpoint records, real bytes","eventRecordCount":10000,"eventIndexBytes":"150650050","eventSegments":2,"rootSegments":3,"peakRSS":439091200,"elapsedMs":8452.753292000001,"qualification":false,"limits":"segmented index transport/parser only; not a coherent full document or 100k-operation campaign"}
✔ actual d84 two-document clear, supersede, retarget, reuse and count/age compaction retain only scoped required drafts (8326.266417ms)
ℹ {"priorExecutable":"d84c1de55709bbd957222cac854905c41583a4e4","sourceUISeq":"1018","sourceObjects":18,"scopeA":["current_a","history_owned"],"scopeB":["current_b","reused_b"],"sourcePreserved":true}
✔ legacy required current-bytes failure refuses a complete-copy claim (6547.209916ms)
✔ legacy required history-ownership failure refuses a complete-copy claim (6590.538959ms)
✔ real SIGKILL portable-preparation-before-commit preserves pinned copy identity and exact retry (1309.77475ms)
✔ real SIGKILL portable-preparation-after-commit preserves pinned copy identity and exact retry (1171.024625ms)
✔ real SIGKILL portable-export-before-commit preserves pinned copy identity and exact retry (1057.754459ms)
✔ real SIGKILL portable-before-commit preserves pinned copy identity and exact retry (1038.166167ms)
✔ real SIGKILL portable-after-commit preserves pinned copy identity and exact retry (1036.275375ms)
✔ real SIGKILL portable-import-after-proofs publishes all fresh namespace or none (1172.709125ms)
✔ real SIGKILL portable-import-before-commit publishes all fresh namespace or none (1237.022333ms)
✔ real SIGKILL portable-import-after-commit publishes all fresh namespace or none (1300.088542ms)
✔ source changed after validation preserves namespace and existing shared bytes (1107.538334ms)
✔ source replaced after validation preserves namespace and existing shared bytes (1084.73675ms)
✔ source missing after validation preserves namespace and existing shared bytes (1088.601375ms)
✔ inert provider provenance retains oversized exact prompts and result bytes across import, copy and restart with zero effects (3147.204291ms)
ℹ {"promptBytes":17825805,"exactUTF8":true,"bodyHashTraversed":false,"providerEffects":0,"qualification":false}
✔ portable provider headers cannot become an editable namespace (785.679ms)
✔ portable provider transportURL cannot become an editable namespace (792.107292ms)
✔ portable provider backendClass cannot become an editable namespace (717.246125ms)
✔ portable provider bodyReachability cannot become an editable namespace (662.334334ms)
✔ portable provider invalidUTF8 cannot become an editable namespace (658.146375ms)
✔ portable provider incomplete cannot become an editable namespace (693.830083ms)
✔ portable provider timings-array cannot become an editable namespace (649.369584ms)
✔ known transport-contaminated prompt hash is inspection-only without altering the exact staged original (676.325958ms)
✔ provider artifact-hash metadata has no invented 200-item format cap (755.319209ms)
✔ pinned concurrent history and UI, draft isolation, exact reopen/export and original-command retry (4213.372083ms)
✔ review authority, namespace collision, source integrity and ranges are checked at public boundary (926.313167ms)
✔ public trailing workspace event preserves domain revision evidence: revision-tail-control-2.zip (1561.162292ms)
ℹ {"finding":"I-PF01","originalReviewerArchive":"revision-tail-control-2.zip","archiveHash":"sha256:23ef675fb48394f2396e233c2e9326a801f46e33acfa6d8ea8206dae3630a94e","previewReceipt":{"commandId":"23902d93-d681-40c6-a19e-1d27ab2a8eb3","documentRevision":null,"fromSeq":"2","status":"accepted","toSeq":"2","transactionId":"88c8c9f3-c9bc-45e5-b41f-2724aa4b3133"},"importReceipt":{"commandId":"629b3cdf-3187-4bb1-9d20-32a68522ad15","documentRevision":"3","fromSeq":"3","status":"accepted","toSeq":"3","transactionId":"bbeddc8c-f841-4580-881d-23545325c218"},"sourcePreserved":true}
✔ public trailing workspace event preserves domain revision evidence: format2-domain-revision-hidden-by-tail.zip (603.2585ms)
ℹ {"finding":"I-PF01","originalReviewerArchive":"format2-domain-revision-hidden-by-tail.zip","archiveHash":"sha256:c43bb855a4fadc6410ec1801103fb2f361281cb49d653d56fe43e788105c153c","previewReceipt":{"code":"INVALID_INPUT","commandId":"09cd0c53-7c96-4d48-a32f-753480424696","currentRevision":null,"details":{"byteLength":"88","hash":"sha256:1aebc6e65987f024383db6bf2136acc10ce36bcbd03d6bcc0addcef6792468fc","mediaType":"application/json"},"status":"rejected"},"importReceipt":null,"sourcePreserved":true}
✔ public trailing workspace event preserves domain revision evidence: revision-tail-control-null.zip (580.366708ms)
ℹ {"finding":"I-PF01","originalReviewerArchive":"revision-tail-control-null.zip","archiveHash":"sha256:9770d1a9ace1cc6f5e2993ce77d9f7ff1910029cd59237623e70d0fa7a326283","previewReceipt":{"code":"INVALID_INPUT","commandId":"089406c5-a17b-4deb-8a75-e6df07663d9f","currentRevision":null,"details":{"byteLength":"88","hash":"sha256:1aebc6e65987f024383db6bf2136acc10ce36bcbd03d6bcc0addcef6792468fc","mediaType":"application/json"},"status":"rejected"},"importReceipt":null,"sourcePreserved":true}
✔ actual nonmutating document receipt retains revision with no domain event in a complete copy (2831.492ms)
ℹ {"finding":"I-PF01","noDomainEvents":true,"sourceReceipt":{"commandId":"4eff287a-afee-4a80-bbae-eb7f98958dcc","documentRevision":"2","fromSeq":"8","status":"accepted","toSeq":"8","transactionId":"7ffe875b-cc57-4ba5-82c7-b0d3a78fd5f5"},"importReceipt":{"commandId":"8369617b-66f1-448d-b409-d13f06bc8aad","documentRevision":"2","fromSeq":"2","status":"accepted","toSeq":"2","transactionId":"90eb954e-e01a-4440-a2df-212d81bc25cd"}}
✔ public preview rejects conflicting domain revisions inside one otherwise contiguous transaction (1162.076ms)
ℹ {"finding":"I-PF01","conflictingDomainRevisions":["2","3"],"receipt":{"code":"INVALID_INPUT","commandId":"391587d3-c376-4e6e-a854-16bd547e10cd","currentRevision":null,"details":{"byteLength":"88","hash":"sha256:1aebc6e65987f024383db6bf2136acc10ce36bcbd03d6bcc0addcef6792468fc","mediaType":"application/json"},"status":"rejected"}}
✔ schema7 preserves actual approved schema6 pending preparation and verified rollback (3481.38475ms)
ℹ {"schema7Migration":{"backup":"schema6-backup-d58e12bd-63ed-4236-9a40-8351b8044697.sqlite","backupHash":"sha256:85d03dae59c4bc077fbeca5aa54f412e9fe9bde0f0addd524a1a003884cc15d7","capability":"portable-copy-v1","from":6,"manifest":{"asset_dependencies":{"count":"5","hash":"35e66e621807febc6ee2eacdf6b21e1be441b13104d4e24be2db68a0c0310066"},"asset_preparations":{"count":"0","hash":"e3b0c44298fc1c149afbf4c8996fb92427ae41e4649b934ca495991b7852b855"},"assets":{"count":"2","hash":"af4b22d107158f040ee42bfe5b55a1dedfbc9e6206067410c8d5fddbe42be7b2"},"checkpoints":{"count":"0","hash":"e3b0c44298fc1c149afbf4c8996fb92427ae41e4649b934ca495991b7852b855"},"client_bindings":{"count":"1","hash":"d060947fffca24b3ff4ec1721f60d12b4905dcd875d50ce760368026db8dc436"},"commands":{"count":"4","hash":"f9dbd5ffcae6900b162b43824f8e4f8fdda18d42ca90b323c073f122f9539fc9"},"documents":{"count":"1","hash":"cdf6f98adfa16aa0c38671315d85285b36299115229a1cd850a5cd2618e78fd1"},"events":{"count":"0","hash":"e3b0c44298fc1c149afbf4c8996fb92427ae41e4649b934ca495991b7852b855"},"events_v2":{"count":"4","hash":"d0268b8e046a8f1df3c5562837f5fc26d9a6ae8940b523eef886695ac5f943e4"},"history":{"count":"1","hash":"06f88e60cef895e7f6e78859d34ede533959e35c8343f2075c81a65ec2f0d2fb"},"history_preparations":{"count":"0","hash":"e3b0c44298fc1c149afbf4c8996fb92427ae41e4649b934ca495991b7852b855"},"image_edit_reviews":{"count":"0","hash":"e3b0c44298fc1c149afbf4c8996fb92427ae41e4649b934ca495991b7852b855"},"image_previews":{"count":"0","hash":"e3b0c44298fc1c149afbf4c8996fb92427ae41e4649b934ca495991b7852b855"},"meta":{"count":"2","hash":"d87c92e425c23d08fa64c28dc999865857febec7939bc38326c00e4e19dde1cd"},"objects":{"count":"6","hash":"93acce370c3d1b2cf8201cad51e5890b81caf06081f4fb21fdf5ec342c07cc34"},"raster_preparations":{"count":"1","hash":"a6270249820f39f042d83db74f1b96f21de5f9d3753f8080f3f5c7095fddc622"},"raster_reviews":{"count":"1","hash":"7d79011d1a43d9f9663905072813a75e24fd451484294f35d991f5f2c05fddd8"},"read_releases":{"count":"0","hash":"e3b0c44298fc1c149afbf4c8996fb92427ae41e4649b934ca495991b7852b855"},"roots":{"count":"11","hash":"4d63e0ad19661907be5708a5c4324e28988c9d4e9e3b3578243e136a870460dc"},"schema_migrations":{"count":"5","hash":"a65fd6ae990f80d394cdf8e1181150dfa97e7dbdf1bb5deb35badb5de309e28f"},"snapshot_roots":{"count":"0","hash":"e3b0c44298fc1c149afbf4c8996fb92427ae41e4649b934ca495991b7852b855"},"snapshots":{"count":"0","hash":"e3b0c44298fc1c149afbf4c8996fb92427ae41e4649b934ca495991b7852b855"},"sqlite_schema":"sha256:f80ac91509af8f313d4fc93d63135aa523ec81b08e908d70cd1e79f13d2681f4","staged_assets":{"count":"3","hash":"1dad6fd4a2668074bf13ad197e39808f832d93b04373795b7dc8a4af623f58a5"},"transfer_reviews":{"count":"0","hash":"e3b0c44298fc1c149afbf4c8996fb92427ae41e4649b934ca495991b7852b855"},"ui_checkpoints":{"count":"0","hash":"e3b0c44298fc1c149afbf4c8996fb92427ae41e4649b934ca495991b7852b855"},"ui_events":{"count":"0","hash":"e3b0c44298fc1c149afbf4c8996fb92427ae41e4649b934ca495991b7852b855"},"ui_receipts":{"count":"0","hash":"e3b0c44298fc1c149afbf4c8996fb92427ae41e4649b934ca495991b7852b855"}},"manifestFile":"schema6-backup-d58e12bd-63ed-4236-9a40-8351b8044697.sqlite.manifest.json","rollback":{"compatibleExecutable":"d84c1de55709bbd957222cac854905c41583a4e4"},"strategy":"semantic-version-verified-backup-transactional-activation","to":7},"pending":{"command":{"schemaVersion":1,"commandId":"4e8722ae-1efe-47f5-b04d-6bade15fbfc8","clientId":"client_1","sessionId":"session_1","correlationId":"correlation_1","causationId":null,"transactionId":"1b025fc6-918e-4837-8937-710a8b1f3336","documentId":null,"expectedDocumentRevision":null,"expectedEntityVersions":{"hash":"sha256:10584db4c85cf1d5cbd2eda3429934a693b7c26268e63be96dbdb23d6dd42069","byteLength":"33","mediaType":"application/json"},"issuedAt":"2026-09-26T03:00:00.000Z","body":{"type":"PrepareRaster","assetId":"b56af46d-8b2e-4704-adf1-013924562231"}},"hash":"sha256:119cfcb14b08ef1f83705657285584f0d79546ff8117d05c374523fe9d9155ea","operationId":"674241bd-1042-4aab-ae39-85c6e06eea30","phase":"preparing"},"oldRefusal":9,"rollback":{"epoch":"2","state":{"record":{"hash":"sha256:119cfcb14b08ef1f83705657285584f0d79546ff8117d05c374523fe9d9155ea","command":{"body":{"assetId":"b56af46d-8b2e-4704-adf1-013924562231","type":"PrepareRaster"},"causationId":null,"clientId":"client_1","commandId":"4e8722ae-1efe-47f5-b04d-6bade15fbfc8","correlationId":"correlation_1","documentId":null,"expectedDocumentRevision":null,"expectedEntityVersions":{"byteLength":"33","hash":"sha256:10584db4c85cf1d5cbd2eda3429934a693b7c26268e63be96dbdb23d6dd42069","mediaType":"application/json"},"issuedAt":"2026-09-26T03:00:00.000Z","schemaVersion":1,"sessionId":"session_1","transactionId":"1b025fc6-918e-4837-8937-710a8b1f3336"},"receipt":{"commandId":"4e8722ae-1efe-47f5-b04d-6bade15fbfc8","documentRevision":null,"fromSeq":"5","status":"accepted","toSeq":"5","transactionId":"1b025fc6-918e-4837-8937-710a8b1f3336"}},"pending":null}}}
✔ schema7 preserves actual approved schema6 pending approval and verified rollback (2348.659417ms)
ℹ {"schema7Migration":{"backup":"schema6-backup-9676c181-cb57-429d-b814-13e72ac6b6e6.sqlite","backupHash":"sha256:7714f13aad7c70966b177d313d58a757f94f8b90ec8fd00e8687a4dccbef5ff0","capability":"portable-copy-v1","from":6,"manifest":{"asset_dependencies":{"count":"5","hash":"737dec27c25e5c14b3b4b2903df6333d6070f3426afc43d310f8a524c425c460"},"asset_preparations":{"count":"0","hash":"e3b0c44298fc1c149afbf4c8996fb92427ae41e4649b934ca495991b7852b855"},"assets":{"count":"2","hash":"16695f26d642edaf592bceab32426ecb3920f778f3812a431a90e250c4791664"},"checkpoints":{"count":"0","hash":"e3b0c44298fc1c149afbf4c8996fb92427ae41e4649b934ca495991b7852b855"},"client_bindings":{"count":"1","hash":"5fad96eb122f92bd11407760e33a3494d5613c07fa93570d4a85cca1572c4cec"},"commands":{"count":"4","hash":"23ab2ad6ad6ac574786691ab88f9a4d7df8c2a2e6f141525e44b1000685cec1b"},"documents":{"count":"1","hash":"a30102b11e8699bc8f07d75cb07f279960aefb42689be4654119bed8000c5b70"},"events":{"count":"0","hash":"e3b0c44298fc1c149afbf4c8996fb92427ae41e4649b934ca495991b7852b855"},"events_v2":{"count":"4","hash":"68ed0d06ff205a6fc9e89a963944761282a382491501b559b9d6dbcae832bd5b"},"history":{"count":"1","hash":"6dce3b8b11ceb17b2403985f40c372dc5c85bdc2321594626e4a3d802264eee6"},"history_preparations":{"count":"0","hash":"e3b0c44298fc1c149afbf4c8996fb92427ae41e4649b934ca495991b7852b855"},"image_edit_reviews":{"count":"0","hash":"e3b0c44298fc1c149afbf4c8996fb92427ae41e4649b934ca495991b7852b855"},"image_previews":{"count":"0","hash":"e3b0c44298fc1c149afbf4c8996fb92427ae41e4649b934ca495991b7852b855"},"meta":{"count":"2","hash":"d87c92e425c23d08fa64c28dc999865857febec7939bc38326c00e4e19dde1cd"},"objects":{"count":"6","hash":"743b71689500d6b30a73c02fd23a326ad0c2b29ece7b682a553ff54f4792858c"},"raster_preparations":{"count":"1","hash":"09b42750b8d290ca7abba4e580239878c7cab8872113fbd37a1234d3d963a80a"},"raster_reviews":{"count":"1","hash":"b8a4a966096c2d52517fd22d22f1796339ce41b4b20ff9f826a931b698659a46"},"read_releases":{"count":"0","hash":"e3b0c44298fc1c149afbf4c8996fb92427ae41e4649b934ca495991b7852b855"},"roots":{"count":"11","hash":"cdb96554166070c4c841a235199e6ed7d6f1f503170e42a1fee97d19b7b052f9"},"schema_migrations":{"count":"5","hash":"a65fd6ae990f80d394cdf8e1181150dfa97e7dbdf1bb5deb35badb5de309e28f"},"snapshot_roots":{"count":"0","hash":"e3b0c44298fc1c149afbf4c8996fb92427ae41e4649b934ca495991b7852b855"},"snapshots":{"count":"0","hash":"e3b0c44298fc1c149afbf4c8996fb92427ae41e4649b934ca495991b7852b855"},"sqlite_schema":"sha256:f80ac91509af8f313d4fc93d63135aa523ec81b08e908d70cd1e79f13d2681f4","staged_assets":{"count":"3","hash":"b9c889d2e30df5cfd2cd08eee38d5587c0d020f71852d4a0a41d23e2199c9a12"},"transfer_reviews":{"count":"0","hash":"e3b0c44298fc1c149afbf4c8996fb92427ae41e4649b934ca495991b7852b855"},"ui_checkpoints":{"count":"0","hash":"e3b0c44298fc1c149afbf4c8996fb92427ae41e4649b934ca495991b7852b855"},"ui_events":{"count":"0","hash":"e3b0c44298fc1c149afbf4c8996fb92427ae41e4649b934ca495991b7852b855"},"ui_receipts":{"count":"0","hash":"e3b0c44298fc1c149afbf4c8996fb92427ae41e4649b934ca495991b7852b855"}},"manifestFile":"schema6-backup-9676c181-cb57-429d-b814-13e72ac6b6e6.sqlite.manifest.json","rollback":{"compatibleExecutable":"d84c1de55709bbd957222cac854905c41583a4e4"},"strategy":"semantic-version-verified-backup-transactional-activation","to":7},"pending":{"command":{"schemaVersion":1,"commandId":"ac50ef4f-e397-419a-a297-a09c42a06be8","clientId":"client_1","sessionId":"session_1","correlationId":"correlation_1","causationId":null,"transactionId":"95142ecd-1a75-4a7d-87c7-634691305e10","documentId":null,"expectedDocumentRevision":null,"expectedEntityVersions":{"hash":"sha256:10584db4c85cf1d5cbd2eda3429934a693b7c26268e63be96dbdb23d6dd42069","byteLength":"33","mediaType":"application/json"},"issuedAt":"2026-09-26T03:00:00.000Z","body":{"type":"ApproveRaster","assetId":"c5fb35b6-1f2f-4495-b8a5-a1c90354d373","reviewId":"479c919b-858f-41df-9a65-211a25dfa0b6","reviewHash":"sha256:045f1ec29ebbbf395da2da031188f6a1d685f5e8c28f5549212d9e7d7a5bb2b6"}},"hash":"sha256:57ca3dea7952d2dd4ca700aee0535e04faec42c20a43113e5e299575112c4cd7","operationId":"d0719793-cb9c-4c6c-a911-6d8dd9a45369","phase":"preparing"},"oldRefusal":9,"rollback":{"epoch":"2","state":{"record":{"hash":"sha256:57ca3dea7952d2dd4ca700aee0535e04faec42c20a43113e5e299575112c4cd7","command":{"body":{"assetId":"c5fb35b6-1f2f-4495-b8a5-a1c90354d373","reviewHash":"sha256:045f1ec29ebbbf395da2da031188f6a1d685f5e8c28f5549212d9e7d7a5bb2b6","reviewId":"479c919b-858f-41df-9a65-211a25dfa0b6","type":"ApproveRaster"},"causationId":null,"clientId":"client_1","commandId":"ac50ef4f-e397-419a-a297-a09c42a06be8","correlationId":"correlation_1","documentId":null,"expectedDocumentRevision":null,"expectedEntityVersions":{"byteLength":"33","hash":"sha256:10584db4c85cf1d5cbd2eda3429934a693b7c26268e63be96dbdb23d6dd42069","mediaType":"application/json"},"issuedAt":"2026-09-26T03:00:00.000Z","schemaVersion":1,"sessionId":"session_1","transactionId":"95142ecd-1a75-4a7d-87c7-634691305e10"},"receipt":{"code":"INVALID_INPUT","commandId":"ac50ef4f-e397-419a-a297-a09c42a06be8","currentRevision":null,"details":{"byteLength":"83","hash":"sha256:903e1f9b1e3d7cc9d4011a3d0bb14d42330c60032c0e9c535d6edc4c564e9fb9","mediaType":"application/json"},"status":"rejected"}},"pending":null}}}
✔ unknown future storage is inspected without mutation and returns explicit recovery guidance (933.745375ms)
✔ schema7 capacity failure retains schema6 and every request, then retries safely (1655.80475ms)
✔ backup corruption fails verification before activation, retains evidence, and retries without changing requests (1321.383292ms)
✔ activation rechecks the verified database backup before publishing schema7 (1124.448625ms)
✔ activation rechecks the verified manifest backup before publishing schema7 (1144.1145ms)
✔ SIGKILL portable-schema-before-backup preserves pending approval and restarts exactly (1201.028917ms)
✔ SIGKILL portable-schema-backup-written preserves pending approval and restarts exactly (1251.37525ms)
✔ SIGKILL portable-schema-backup-verified preserves pending approval and restarts exactly (1332.712375ms)
✔ SIGKILL portable-schema-before-activation preserves pending approval and restarts exactly (1317.905083ms)
✔ SIGKILL portable-schema-after-activation preserves pending approval and restarts exactly (1251.518542ms)
✔ schema8 fences the actual d4 writer and verifies schema7 rollback including pending portable captures (2627.039125ms)
ℹ {"migration":{"backup":"schema7-backup-16dd1555-4c1a-4f7e-b2c5-d5a2d900fc6c.sqlite","backupHash":"sha256:d8ac0421e31b1c0ccf0fb98dd24907067f29088d3e59d594bf066d500661c7f5","capability":"portable-copy-v2-transaction-bounds","from":7,"manifest":{"asset_dependencies":{"count":"0","hash":"e3b0c44298fc1c149afbf4c8996fb92427ae41e4649b934ca495991b7852b855"},"asset_preparations":{"count":"0","hash":"e3b0c44298fc1c149afbf4c8996fb92427ae41e4649b934ca495991b7852b855"},"assets":{"count":"0","hash":"e3b0c44298fc1c149afbf4c8996fb92427ae41e4649b934ca495991b7852b855"},"checkpoints":{"count":"0","hash":"e3b0c44298fc1c149afbf4c8996fb92427ae41e4649b934ca495991b7852b855"},"client_bindings":{"count":"1","hash":"07f261e2f782d8fe6e7748f62848fffc12b5deb2f60649598f242c8693932b06"},"commands":{"count":"4","hash":"dbe4b2fd577e1ea4a96ce5a5e9c7c65c266a32b1c3c03aa1122b73d27dcfd7e4"},"documents":{"count":"2","hash":"63dcc25bc569c1927183153f3834755b7c1bcc13a4d674067f1f66f629adc072"},"events":{"count":"0","hash":"e3b0c44298fc1c149afbf4c8996fb92427ae41e4649b934ca495991b7852b855"},"events_v2":{"count":"4","hash":"67be4b551d4e87268207e95b90742ed215561c276dca248128c67f02ad7dbbf1"},"history":{"count":"2","hash":"028746c06894cf9ab9b54c221a595a21b3edb3766df8958182216f6b4994c4d3"},"history_preparations":{"count":"0","hash":"e3b0c44298fc1c149afbf4c8996fb92427ae41e4649b934ca495991b7852b855"},"image_edit_reviews":{"count":"0","hash":"e3b0c44298fc1c149afbf4c8996fb92427ae41e4649b934ca495991b7852b855"},"image_previews":{"count":"0","hash":"e3b0c44298fc1c149afbf4c8996fb92427ae41e4649b934ca495991b7852b855"},"meta":{"count":"2","hash":"821a4178fd4871ad8facd081bfcfddf32ab8f80baa23c2e2ca1ccb288bfd3fe0"},"objects":{"count":"4","hash":"e1a145177d5c7ce7f71a26d806cad98c2fcc18125919a706566ca087493d2958"},"portable_bundles":{"count":"1","hash":"2dd394338309d91e3484c7799191e34ebd8a5a30c5d1c441369c64ba8c71ea16"},"portable_cancellations":{"count":"0","hash":"e3b0c44298fc1c149afbf4c8996fb92427ae41e4649b934ca495991b7852b855"},"portable_maps":{"count":"3","hash":"db403afadce7e98ee78dfceb9539b154e7eac61fbc8ef8642601f45f622f1b50"},"portable_namespaces":{"count":"1","hash":"937015e5cbd90af53d58074d89ae0acf20e54adcb3aade3db073f4ef5be273e1"},"portable_pins":{"count":"1","hash":"19ba708208ce1dc8d0defc77a64e62b96e13ec7a4bdb32b0a8eb77abb277f923"},"portable_preparations":{"count":"1","hash":"a300e4db2f783b67641b8b665d48c73edfd618cced0ca05a8e8d89cc21020d50"},"portable_quarantined_hashes":{"count":"0","hash":"e3b0c44298fc1c149afbf4c8996fb92427ae41e4649b934ca495991b7852b855"},"portable_review_maps":{"count":"3","hash":"e557ed7231c5c1b3cb1b647f2fdad92d057da4a7ca532be421e0b1eaa75805d7"},"portable_review_sources":{"count":"1","hash":"e011d326cef6661b1457b110c1fb62f61854433ef531aa9bd7399b54106ca969"},"portable_reviews":{"count":"1","hash":"3850bb9f73f94894bab62d0ffea1f66d3a3b32ae1f1cf3e85f89428ed24309b9"},"portable_rows":{"count":"2","hash":"b5d6cf5ba7654a58136819039d5442b163697f8711acad16122992f6fd71c398"},"raster_preparations":{"count":"0","hash":"e3b0c44298fc1c149afbf4c8996fb92427ae41e4649b934ca495991b7852b855"},"raster_reviews":{"count":"0","hash":"e3b0c44298fc1c149afbf4c8996fb92427ae41e4649b934ca495991b7852b855"},"read_releases":{"count":"0","hash":"e3b0c44298fc1c149afbf4c8996fb92427ae41e4649b934ca495991b7852b855"},"roots":{"count":"10","hash":"73d352390c54efc40de2a57d078e20b79b09664953a609ab40041a8451daafb8"},"schema_migrations":{"count":"6","hash":"890f2233d11a133bd026b5bd8785008eb00c2f04b12021e44c9c886d1f2a3a59"},"snapshot_roots":{"count":"0","hash":"e3b0c44298fc1c149afbf4c8996fb92427ae41e4649b934ca495991b7852b855"},"snapshots":{"count":"0","hash":"e3b0c44298fc1c149afbf4c8996fb92427ae41e4649b934ca495991b7852b855"},"sqlite_schema":"sha256:8c9f7528f9ca558241e91547b7269dbafa3f7c5066bc7536912c99bd26b06792","staged_assets":{"count":"1","hash":"9d0bc0de93bca1a319d67950b80737ad64ba486cb9147fa1eac163854fbf20f3"},"transfer_reviews":{"count":"0","hash":"e3b0c44298fc1c149afbf4c8996fb92427ae41e4649b934ca495991b7852b855"},"ui_checkpoints":{"count":"0","hash":"e3b0c44298fc1c149afbf4c8996fb92427ae41e4649b934ca495991b7852b855"},"ui_events":{"count":"0","hash":"e3b0c44298fc1c149afbf4c8996fb92427ae41e4649b934ca495991b7852b855"},"ui_receipts":{"count":"0","hash":"e3b0c44298fc1c149afbf4c8996fb92427ae41e4649b934ca495991b7852b855"}},"manifestFile":"schema7-backup-16dd1555-4c1a-4f7e-b2c5-d5a2d900fc6c.sqlite.manifest.json","rollback":{"compatibleExecutable":"d4ed76148999978565ca8b37d27612f5b3faa591"},"strategy":"semantic-version-verified-backup-transactional-activation","to":8},"priorRefusal":"UNSUPPORTED_STORAGE","rollbackCommand":"edf4eac5-df96-4e9e-9233-307a25db9c65","rollbackReceipt":{"commandId":"edf4eac5-df96-4e9e-9233-307a25db9c65","documentRevision":"1","fromSeq":"5","status":"accepted","toSeq":"5","transactionId":"b59638f0-5b80-419c-958d-4363bff33468"},"allOriginalTablesAndFilesPreserved":true}
✔ schema8 capacity refusal leaves schema7 and exact pending requests intact (1751.9095ms)
✔ schema8 activation refuses changed backup-written without altering source (1958.621833ms)
✔ schema8 activation refuses changed database without altering source (1758.977416ms)
✔ schema8 activation refuses changed manifest without altering source (1657.785291ms)
✔ schema8 SIGKILL before-backup retains pending identity and original portable files (1600.81625ms)
✔ schema8 SIGKILL backup-written retains pending identity and original portable files (1589.126375ms)
✔ schema8 SIGKILL backup-verified retains pending identity and original portable files (1591.316542ms)
✔ schema8 SIGKILL before-activation retains pending identity and original portable files (1621.634208ms)
✔ schema8 SIGKILL after-activation retains pending identity and original portable files (1751.202208ms)
✔ format3 public roundtrip retains exact original receipt bounds and canonical event bytes (3980.916292ms)
ℹ {"finding":"I-PF01","formatVersion":3,"originalReceipt":{"commandId":"34d6003f-06b1-42c8-9e99-96947b690453","documentRevision":"2","fromSeq":"6","status":"accepted","toSeq":"7","transactionId":"aecc4848-de1d-4761-989c-6448ad594d0a"},"eventsHash":"sha256:94530126f7d81edb4bdd01b1cbc4e878dac2e998ec978fe41e896ef3774cbd54","sourceArchive":"sha256:318e459ea61a633e804220c193005103cd566d9d5110945fba59e2c4afd33455","newArchive":"sha256:c5643246dde42306d9fc0ae2f3d2369f642905f5bf354e60414acf488f5f8a89","freshWorkspaceImport":"p_53d584dc26c3283a51512dd1fba621db5a4d7e720a75924e18e1a44f5581413b"}
✔ public preview rejects prefix transaction with no namespace or source change (1175.113167ms)
ℹ {"finding":"I-PF01","mutation":"prefix","originalBounds":{"commandId":"1d3f18aa-7254-4206-9886-5fbc80e25b6f","documentRevision":"2","fromSeq":"6","status":"accepted","toSeq":"7","transactionId":"7363513f-8409-4d57-800e-d0024ebad6b7"},"commandId":"17e05a2c-987f-4d17-a6a1-1b8dc79760b8","receipt":{"code":"INVALID_INPUT","commandId":"17e05a2c-987f-4d17-a6a1-1b8dc79760b8","currentRevision":null,"details":{"byteLength":"88","hash":"sha256:1aebc6e65987f024383db6bf2136acc10ce36bcbd03d6bcc0addcef6792468fc","mediaType":"application/json"},"status":"rejected"},"archiveHash":"sha256:0e86985f7cb7adb28ce87bc4df7b2282fe84217f1eb3ed1be36dbef2fddd6ef7","noNamespace":true}
✔ public preview rejects tail transaction with no namespace or source change (1086.85025ms)
ℹ {"finding":"I-PF01","mutation":"tail","originalBounds":{"commandId":"39ca2879-14c1-4c49-93c1-5ef15ad64f04","documentRevision":"2","fromSeq":"6","status":"accepted","toSeq":"7","transactionId":"a8bb3d77-4164-402b-b509-d80e7cbc242d"},"commandId":"38d61ad8-fb25-45a3-9857-2580639f017b","receipt":{"code":"INVALID_INPUT","commandId":"38d61ad8-fb25-45a3-9857-2580639f017b","currentRevision":null,"details":{"byteLength":"88","hash":"sha256:1aebc6e65987f024383db6bf2136acc10ce36bcbd03d6bcc0addcef6792468fc","mediaType":"application/json"},"status":"rejected"},"archiveHash":"sha256:e15402f3cd02679cba609e830188c98414579cbae1137df6d93a2c8fd986eca5","noNamespace":true}
✔ public preview rejects wrong-count transaction with no namespace or source change (1193.422583ms)
ℹ {"finding":"I-PF01","mutation":"wrong-count","originalBounds":{"commandId":"f1550513-f7f9-4db3-aa71-1fab7cf23eb4","documentRevision":"2","fromSeq":"6","status":"accepted","toSeq":"7","transactionId":"e44f28cd-4aae-4824-9858-fe382a6831eb"},"commandId":"06546695-aa7e-41a0-a1cc-34c1c7f73f4e","receipt":{"code":"INVALID_INPUT","commandId":"06546695-aa7e-41a0-a1cc-34c1c7f73f4e","currentRevision":null,"details":{"byteLength":"86","hash":"sha256:95fc3af1ade331e8d3b605904c0edce644f8782f0b0cd26ac8fee4cb72c5490d","mediaType":"application/json"},"status":"rejected"},"archiveHash":"sha256:909648dc194ecea221f675841663fb03a1ccddaefa9bb40f2fc618fd1cb8ff70","noNamespace":true}
✔ public preview rejects wrong-first transaction with no namespace or source change (1148.987791ms)
ℹ {"finding":"I-PF01","mutation":"wrong-first","originalBounds":{"commandId":"54a8d767-f11d-45a3-82a2-e7752c82176b","documentRevision":"2","fromSeq":"6","status":"accepted","toSeq":"7","transactionId":"f6a42c7b-d1f4-413a-926e-8dcc18647590"},"commandId":"41dc232d-bab6-43c6-89e8-8d93d94eba94","receipt":{"code":"INVALID_INPUT","commandId":"41dc232d-bab6-43c6-89e8-8d93d94eba94","currentRevision":null,"details":{"byteLength":"88","hash":"sha256:1aebc6e65987f024383db6bf2136acc10ce36bcbd03d6bcc0addcef6792468fc","mediaType":"application/json"},"status":"rejected"},"archiveHash":"sha256:4842bf2124a57baeae5cdcd0eb70c7a0fc8555015a7e495c2f65e46635fbf49b","noNamespace":true}
✔ public preview rejects wrong-last transaction with no namespace or source change (1161.81775ms)
ℹ {"finding":"I-PF01","mutation":"wrong-last","originalBounds":{"commandId":"cc09526c-9899-4f05-80fa-00a909205830","documentRevision":"2","fromSeq":"6","status":"accepted","toSeq":"7","transactionId":"2bd7a943-5a2a-49a2-b9d0-f0649ebdcac2"},"commandId":"f534ba47-7b7b-44b1-910b-4a9ee219c34a","receipt":{"code":"INVALID_INPUT","commandId":"f534ba47-7b7b-44b1-910b-4a9ee219c34a","currentRevision":null,"details":{"byteLength":"88","hash":"sha256:1aebc6e65987f024383db6bf2136acc10ce36bcbd03d6bcc0addcef6792468fc","mediaType":"application/json"},"status":"rejected"},"archiveHash":"sha256:9a5032904621ecafce314fa8625c5f246b02221a99865dcc7d37b6b04673eeec","noNamespace":true}
✔ public preview rejects wrong-hash transaction with no namespace or source change (1078.35425ms)
ℹ {"finding":"I-PF01","mutation":"wrong-hash","originalBounds":{"commandId":"55b03ee7-54c5-4b52-9457-c4ab7b74f489","documentRevision":"2","fromSeq":"6","status":"accepted","toSeq":"7","transactionId":"b2fc50e4-419d-4908-8809-1424411218e1"},"commandId":"9fc16483-f9ba-4174-ad26-134b9001456f","receipt":{"code":"INVALID_INPUT","commandId":"9fc16483-f9ba-4174-ad26-134b9001456f","currentRevision":null,"details":{"byteLength":"88","hash":"sha256:1aebc6e65987f024383db6bf2136acc10ce36bcbd03d6bcc0addcef6792468fc","mediaType":"application/json"},"status":"rejected"},"archiveHash":"sha256:80a8f15a71c9fc09f741d8d250d3b27a3fbb9f65f3e632a710944154a9decacb","noNamespace":true}
✔ public preview rejects wrong-command transaction with no namespace or source change (1073.37625ms)
ℹ {"finding":"I-PF01","mutation":"wrong-command","originalBounds":{"commandId":"c5473516-1735-4fe9-b4cf-441ef8fdf9ca","documentRevision":"2","fromSeq":"6","status":"accepted","toSeq":"7","transactionId":"1ec9abc6-a3b2-457c-ad20-514bad0a2d05"},"commandId":"725ede67-b55e-4de2-a1ee-c24befa7a754","receipt":{"code":"INVALID_INPUT","commandId":"725ede67-b55e-4de2-a1ee-c24befa7a754","currentRevision":null,"details":{"byteLength":"88","hash":"sha256:1aebc6e65987f024383db6bf2136acc10ce36bcbd03d6bcc0addcef6792468fc","mediaType":"application/json"},"status":"rejected"},"archiveHash":"sha256:e841bf9ea9ad22c7d8bd3974e0831f152872776d93d0737f407d36285cf4dcbd","noNamespace":true}
✔ public preview rejects wrong-revision transaction with no namespace or source change (1052.241084ms)
ℹ {"finding":"I-PF01","mutation":"wrong-revision","originalBounds":{"commandId":"65c77334-5aa7-4ec0-a98d-d7567ef41784","documentRevision":"2","fromSeq":"6","status":"accepted","toSeq":"7","transactionId":"b27b29cd-5268-48f6-ada9-4b609f112080"},"commandId":"20bdd84a-db08-4477-bcde-22b7a307694a","receipt":{"code":"INVALID_INPUT","commandId":"20bdd84a-db08-4477-bcde-22b7a307694a","currentRevision":null,"details":{"byteLength":"88","hash":"sha256:1aebc6e65987f024383db6bf2136acc10ce36bcbd03d6bcc0addcef6792468fc","mediaType":"application/json"},"status":"rejected"},"archiveHash":"sha256:8c99e544c66f504b23c32e715c52d9fab34d5bf528628ab9f0da15804b8c274f","noNamespace":true}
✔ public preview rejects missing-descriptor transaction with no namespace or source change (1158.367667ms)
ℹ {"finding":"I-PF01","mutation":"missing-descriptor","originalBounds":{"commandId":"0afee1ab-6580-4210-8df1-9879fa8d3c59","documentRevision":"2","fromSeq":"6","status":"accepted","toSeq":"7","transactionId":"44a7dcab-63c9-4b3f-9244-eede705e9b29"},"commandId":"efedc6e0-fb2f-4f5a-9efd-a5cacd0221ed","receipt":{"code":"INVALID_INPUT","commandId":"efedc6e0-fb2f-4f5a-9efd-a5cacd0221ed","currentRevision":null,"details":{"byteLength":"88","hash":"sha256:1aebc6e65987f024383db6bf2136acc10ce36bcbd03d6bcc0addcef6792468fc","mediaType":"application/json"},"status":"rejected"},"archiveHash":"sha256:1966edd08b39e1127ca9c38d2a7a7d630c2cd76094c8fba93b83105f9d3039c1","noNamespace":true}
✔ public preview rejects duplicate-descriptor transaction with no namespace or source change (1027.342917ms)
ℹ {"finding":"I-PF01","mutation":"duplicate-descriptor","originalBounds":{"commandId":"388a79dd-e137-4155-b1a1-1892989e093e","documentRevision":"2","fromSeq":"6","status":"accepted","toSeq":"7","transactionId":"2845519d-2f9c-4a1f-8584-1ac7339c0ed0"},"commandId":"00462feb-6aaf-480a-8544-c3ab8de094a0","receipt":{"code":"INVALID_INPUT","commandId":"00462feb-6aaf-480a-8544-c3ab8de094a0","currentRevision":null,"details":{"byteLength":"88","hash":"sha256:1aebc6e65987f024383db6bf2136acc10ce36bcbd03d6bcc0addcef6792468fc","mediaType":"application/json"},"status":"rejected"},"archiveHash":"sha256:2b3bbe3e611afa5128d3fd789ce0747f50ce5ce75699e3079038c59a23ea3aa5","noNamespace":true}
✔ public preview rejects duplicate-event-id transaction with no namespace or source change (1031.886583ms)
ℹ {"finding":"I-PF01","mutation":"duplicate-event-id","originalBounds":{"commandId":"2d6501c3-ebfb-48a7-aec8-5adb9b86fe2c","documentRevision":"2","fromSeq":"6","status":"accepted","toSeq":"7","transactionId":"4fd5116a-30e6-4106-8325-755f4400d2df"},"commandId":"6c2c0c1e-91c1-4140-81f9-60ef42a7d733","receipt":{"code":"INVALID_INPUT","commandId":"6c2c0c1e-91c1-4140-81f9-60ef42a7d733","currentRevision":null,"details":{"byteLength":"88","hash":"sha256:1aebc6e65987f024383db6bf2136acc10ce36bcbd03d6bcc0addcef6792468fc","mediaType":"application/json"},"status":"rejected"},"archiveHash":"sha256:c0bb214ff67b4b30048caef7a97ef6edf92a2a4f49471be8b8cd9ff11b6272ce","noNamespace":true}
✔ public preview rejects split-one-command transaction with no namespace or source change (1023.547416ms)
ℹ {"finding":"I-PF01","mutation":"split-one-command","originalBounds":{"commandId":"54165ef0-45b6-44ff-bca0-d70cc2ad97d7","documentRevision":"2","fromSeq":"6","status":"accepted","toSeq":"7","transactionId":"361a6ef7-f7a3-4591-bb54-14be13c3bd29"},"commandId":"3cd74a98-7538-4d4a-b5bd-93dbc654b406","receipt":{"code":"INVALID_INPUT","commandId":"3cd74a98-7538-4d4a-b5bd-93dbc654b406","currentRevision":null,"details":{"byteLength":"88","hash":"sha256:1aebc6e65987f024383db6bf2136acc10ce36bcbd03d6bcc0addcef6792468fc","mediaType":"application/json"},"status":"rejected"},"archiveHash":"sha256:1d80a478d21fbaf5c54b72caefc059d38dc40c57a1c77fe8f1eadf7e84599b9a","noNamespace":true}
✔ legacy format1 retains inspection and explicitly refuses editable publication (1035.241667ms)
✔ unchanged independent d4 hostile archives never become editable or publish a namespace (1628.4125ms)
ℹ {"finding":"I-PF01","unchangedReviewerArtifact":"drop-transaction-prefix.zip","sha256":"sha256:a0dcad5ba6fe2fbb76149cc898aa6981d6bcdaae38fde2e81cae0954bc017ddd","receipt":{"commandId":"a5583953-4854-437e-8415-f9c682c22f11","documentRevision":null,"fromSeq":"1","status":"accepted","toSeq":"1","transactionId":"122fb453-af1f-443d-8ed7-2cb38eb6b494"},"noEditableNamespace":true}
ℹ {"finding":"I-PF01","unchangedReviewerArtifact":"hostile-duplicate-event-id.zip","sha256":"sha256:c6e2adf81f2372c97cac0e4703fa184ac6c9f10866b5000219baba5769fe2c26","receipt":{"code":"INVALID_INPUT","commandId":"90514b34-eca6-4adb-8096-d5bcfd895dbe","currentRevision":null,"details":{"byteLength":"88","hash":"sha256:1aebc6e65987f024383db6bf2136acc10ce36bcbd03d6bcc0addcef6792468fc","mediaType":"application/json"},"status":"rejected"},"noEditableNamespace":true}
ℹ {"finding":"I-PF01","unchangedReviewerArtifact":"hostile-split-one-command.zip","sha256":"sha256:e6f642af807db51f74d402467f818bb05227edee910bb440442a774361fe620b","receipt":{"code":"INVALID_INPUT","commandId":"91eb8faf-80f0-4190-894d-127ebba4d8ad","currentRevision":null,"details":{"byteLength":"88","hash":"sha256:1aebc6e65987f024383db6bf2136acc10ce36bcbd03d6bcc0addcef6792468fc","mediaType":"application/json"},"status":"rejected"},"noEditableNamespace":true}
✔ ZIP64 STORE roundtrip uses real content, exact CRC/hash and 64-bit fields (22.833625ms)
✔ rejects compression before accepting archive (8.635167ms)
✔ rejects encryption before accepting archive (7.870209ms)
✔ rejects descriptor before accepting archive (8.392125ms)
✔ rejects traversal before accepting archive (9.017292ms)
✔ rejects crc before accepting archive (8.589167ms)
✔ rejects payload before accepting archive (9.012458ms)
✔ rejects trailing before accepting archive (9.784833ms)
✔ rejects volume before accepting archive (8.487416ms)
✔ rejects symlink before accepting archive (8.709833ms)
✔ rejects executable before accepting archive (7.12925ms)
✔ rejects directory before accepting archive (8.51375ms)
✔ rejects overlap before accepting archive (7.366666ms)
✔ rejects zip64Offset before accepting archive (7.340833ms)
✔ PROTO01 strict commands, five-code receipts, lost delivery, renewal ownership and projection (655.383666ms)
✔ PROTO02 restart requires fresh pairing; prior cookie restores original ownership without authenticating itself (846.199833ms)
✔ PROTO04 pinned snapshot B plus tail H, exact content ranges, ownership, idle expiry and retained full history (2174.332084ms)
✔ incremental digest matches platform SHA256 across padding and arbitrary chunk boundaries (22.532875ms)
✔ PROTO02 real journal capacity failure returns507 without a receipt; same original command succeeds after recovery (612.873375ms)
✔ a fresh unseeded HTTP root accepts NewDocument with the public fixed empty precondition reference (265.467083ms)
✔ I-B04 fresh same-server pairing and renewal fence old recovery/content while retaining exact command ownership (1963.026167ms)
✔ real HTTP SIGKILL before-commit preserves exact retry identity and invalidates old session/context (767.486292ms)
✔ real HTTP SIGKILL after-commit preserves exact retry identity and invalidates old session/context (738.148208ms)
✔ I-P01 SIGKILL during sliced snapshot construction preserves committed receipt and recovers full history (2201.8525ms)
✔ PROTO04 large complete transaction uses immutable reference; interior cursor rejected and restart replay agrees (1101.5945ms)
✔ R23 corrupt latest snapshot falls back to prior snapshot, then full log; failed snapshots backpressure only the 500-event tail (6872.461041ms)
✔ schema2 migration opens a real e1a0092 fixture with verified backup, unchanged events/receipts/history and duplicate identity (762.683208ms)
✔ I-P01 warm snapshot admission detects changed bytes and external root metadata; reads verify and recover pinned state (2120.924375ms)
✔ approval rechecks file identity after proofs: missing (488.100625ms)
✔ approval rechecks file identity after proofs: corrupt (473.963917ms)
✔ approval rechecks file identity after proofs: same-bytes-replacement (463.432292ms)
✔ approval rechecks file identity after proofs: symlink (454.000667ms)
✔ approval rechecks file identity after proofs: hardlink (467.206875ms)
✔ approval rechecks live session binding after proofs and keeps the original rejected identity (489.202833ms)
✔ queued approval authorities are bounded and released when a retry rejects an expired review (1018.714125ms)
✔ approval rejects missing pixels dependency without a usable canonical asset (812.692667ms)
✔ approval rejects corrupt pixels dependency without a usable canonical asset (671.731417ms)
✔ approval rejects substituted pixels dependency without a usable canonical asset (669.482083ms)
✔ approval rejects missing manifest dependency without a usable canonical asset (649.243458ms)
✔ approval rejects corrupt manifest dependency without a usable canonical asset (652.975584ms)
✔ approval rejects substituted manifest dependency without a usable canonical asset (657.674542ms)
✔ approval rejects missing png dependency without a usable canonical asset (837.833ms)
✔ approval rejects corrupt png dependency without a usable canonical asset (836.296083ms)
✔ approval rejects substituted png dependency without a usable canonical asset (821.076541ms)
✔ approval rejects missing original dependency without a usable canonical asset (689.809125ms)
✔ approval rejects corrupt original dependency without a usable canonical asset (662.004833ms)
✔ approval rejects substituted original dependency without a usable canonical asset (667.008833ms)
✔ approval rejects missing exif dependency without a usable canonical asset (663.698959ms)
✔ approval rejects corrupt exif dependency without a usable canonical asset (668.868375ms)
✔ approval rejects substituted exif dependency without a usable canonical asset (685.250792ms)
✔ approval rejects missing icc dependency without a usable canonical asset (660.837666ms)
✔ approval rejects corrupt icc dependency without a usable canonical asset (664.124292ms)
✔ approval rejects substituted icc dependency without a usable canonical asset (663.621458ms)
✔ actual frozen PNG/JPEG/static WebP codec inputs; independently specified uniform and literal pixels (126.885417ms)
✔ all eight EXIF orientations normalize once with exact alpha/hidden samples retained (117.774ms)
✔ supported P3 converts with review data and original profile identity retained (20.406542ms)
✔ actual malformed/animated/profile/extent inputs cannot produce usable canonical output (105.321791ms)
✔ P3 nonprimary conversion matches independent public LittleCMS C oracle, retaining alpha (20.941625ms)
✔ lossy and lossless alpha WebP match independent public decoder diagnostic including exact alpha (33.363041ms)
✔ WebP extent and native allocation plan are admitted before invoking its native metadata parser (22.039084ms)
✔ actual nonwhite JPEG pixels match independently installed Pillow/libjpeg-turbo golden diagnostic (19.143833ms)
✔ frozen export preserves historical pixel identity and records current encoder separately (32.646083ms)
✔ F01 independent literal: stage2 alpha26, exact shared composite90 and F04 108 versus109 (1.176917ms)
✔ empty, hidden RGB, singleton, integer translation, M0 and nonidentity alpha-zero arithmetic (0.160417ms)
✔ independent half-pixel bilinear, linear light, transparent padding and premultiplied edge goldens (0.080041ms)
✔ area-integrated triangle coefficients are independently derived rational constants; no boundary renormalization (0.153917ms)
✔ transform-mask-opacity ordering and R16 luminance-alpha are explicit (0.073542ms)
✔ F02 core triangle feather: exact R16 edges, no tile renormalization, radii0/1/2/64 (1.048917ms)
✔ affine coordinates, bounded envelope and independent seam output at128/512 (0.211041ms)
✔ real original → worker → durable preview → exact review approval → CP-1 capture → PNG export and reopen (1528.647625ms)
✔ hidden RGB identity, exact mask coordinates, empty output, cache dependencies and lossless JPEG-source export (1678.096208ms)
✔ conversion review binds actual decoded preview, exact hash, owner, session and writer epoch (715.151083ms)
✔ malformed, animated and unsupported-profile originals retain bytes and terminal diagnostics without usable asset (1332.091542ms)
✔ real worker reconstruction crosses128/512 tile boundaries with independent expected pixels (841.336625ms)
✔ actual concurrent foundation and raster requests cannot reuse one durable command ID (1312.181959ms)
▶ sealed independent PNG container/profile/stream fixtures
  ✔ valid-srgb-0.png (2.975375ms)
  ✔ valid-srgb-1.png (0.494334ms)
  ✔ valid-srgb-2.png (0.424375ms)
  ✔ valid-srgb-3.png (0.402875ms)
  ✔ srgb-empty.png (0.52475ms)
  ✔ srgb-0000.png (0.321041ms)
  ✔ srgb-04.png (0.261125ms)
  ✔ srgb-ff.png (0.261834ms)
  ✔ srgb-duplicate.png (0.266791ms)
  ✔ srgb-late.png (0.2995ms)
  ✔ trns-rgba.png (0.201083ms)
  ✔ trns-gray-alpha.png (0.175041ms)
  ✔ trns-rgb-short.png (0.192542ms)
  ✔ trns-late.png (0.358042ms)
  ✔ ihdr-depth-color.png (0.191708ms)
  ✔ unknown-critical.png (0.173ms)
  ✔ reserved-name-bit.png (0.159292ms)
  ✔ idat-duplicate-stream.png (0.355583ms)
  ✔ idat-tail.png (0.297083ms)
  ✔ idat-extra-row.png (0.540917ms)
  ✔ idat-short-row.png (0.442ms)
  ✔ idat-filter.png (0.83325ms)
  ✔ idat-truncated-zlib.png (0.534209ms)
  ✔ idat-noncontiguous.png (0.290334ms)
  ✔ valid-split-idat.png (0.457ms)
  ✔ gAMA-late.png (0.792625ms)
  ✔ cHRM-late.png (0.224375ms)
  ✔ sBIT-late.png (0.216208ms)
  ✔ pHYs-late.png (0.196333ms)
  ✔ bKGD-late.png (0.239542ms)
  ✔ eXIf-late.png (0.193042ms)
  ✔ hIST-late.png (0.17775ms)
  ✔ sPLT-late.png (0.402083ms)
  ✔ gAMA-invalid.png (0.287958ms)
  ✔ cHRM-invalid.png (0.168458ms)
  ✔ sBIT-invalid.png (0.163209ms)
  ✔ pHYs-invalid.png (0.161375ms)
  ✔ bKGD-invalid.png (0.207042ms)
  ✔ tIME-invalid.png (0.224041ms)
  ✔ eXIf-invalid.png (0.162833ms)
  ✔ hIST-invalid.png (0.161125ms)
  ✔ sPLT-invalid.png (0.202542ms)
  ✔ zTXt-extra-stream.png (0.467292ms)
  ✔ zTXt-keyword.png (0.226834ms)
  ✔ iCCP-extra-stream.png (0.214125ms)
  ✔ iCCP-keyword.png (0.221417ms)
  ✔ itxt-extra-stream.png (0.24575ms)
  ✔ itxt-invalid-utf8.png (0.379833ms)
  ✔ text-invalid-keyword.png (0.233459ms)
  ✔ text-null.png (0.262875ms)
  ✔ valid-text.png (0.314291ms)
  ✔ plte-empty.png (0.328625ms)
  ✔ plte-short.png (0.214875ms)
  ✔ plte-too-many.png (0.209292ms)
  ✔ plte-gray.png (0.195209ms)
  ✔ plte-missing.png (0.170542ms)
  ✔ plte-after-trns.png (0.207959ms)
  ✔ srgb-after-plte.png (0.200209ms)
  ✔ trns-palette-long.png (0.166667ms)
  ✔ palette-index.png (0.275333ms)
  ✔ valid-0-1.png (0.205ms)
  ✔ valid-3-1.png (0.817041ms)
  ✔ valid-0-2.png (0.246208ms)
  ✔ valid-3-2.png (0.175ms)
  ✔ valid-0-4.png (0.198709ms)
  ✔ valid-3-4.png (0.272959ms)
  ✔ valid-0-8.png (0.195417ms)
  ✔ valid-3-8.png (0.178875ms)
  ✔ valid-rgb-trns.png (0.199959ms)
  ✔ valid-gray-alpha.png (0.255083ms)
  ✔ valid-adam7-1-False.png (0.193208ms)
  ✔ valid-adam7-1-True.png (0.19ms)
  ✔ valid-adam7-9-False.png (0.185709ms)
  ✔ valid-adam7-9-True.png (0.330208ms)
  ✔ reviewer-srgb-bad-size.png (0.266542ms)
  ✔ reviewer-srgb-bad-intent.png (0.174167ms)
  ✔ reviewer-trns-rgba.png (0.177916ms)
  ✔ reviewer-duplicate-idat-stream.png (0.22725ms)
  ✔ reviewer-idat-trailing-data.png (0.231917ms)
  ✔ reviewer-icc-after-idat.png (0.192292ms)
  ✔ reviewer-valid-unknown-icc-before.png (0.417458ms)
  ✔ reviewer-valid-unknown-icc-after.png (0.369208ms)
  ✔ reviewer-exif-after-idat.png (0.23475ms)
  ✔ reviewer-orientation-6-after.png (0.820709ms)
  ✔ reviewer-unknown-critical.png (0.519542ms)
✔ sealed independent PNG container/profile/stream fixtures (30.063875ms)
▶ public PNG rejection retains original, exact durable receipt and no usable raster through restart
  ✔ srgb-empty.png (121.76325ms)
  ✔ srgb-0000.png (105.660084ms)
  ✔ srgb-04.png (106.406708ms)
  ✔ srgb-ff.png (105.670667ms)
  ✔ srgb-duplicate.png (111.5355ms)
  ✔ srgb-late.png (109.494417ms)
  ✔ trns-rgba.png (103.738917ms)
  ✔ trns-gray-alpha.png (104.744ms)
  ✔ trns-rgb-short.png (106.3415ms)
  ✔ trns-late.png (101.566ms)
  ✔ ihdr-depth-color.png (112.699875ms)
  ✔ unknown-critical.png (102.841208ms)
  ✔ reserved-name-bit.png (104.06575ms)
  ✔ idat-extra-row.png (111.262875ms)
  ✔ idat-short-row.png (103.822333ms)
  ✔ idat-filter.png (110.522875ms)
  ✔ idat-truncated-zlib.png (109.862583ms)
  ✔ idat-noncontiguous.png (99.873041ms)
  ✔ gAMA-late.png (105.426125ms)
  ✔ cHRM-late.png (107.738958ms)
  ✔ sBIT-late.png (108.017958ms)
  ✔ pHYs-late.png (109.344625ms)
  ✔ bKGD-late.png (101.843041ms)
  ✔ eXIf-late.png (99.330834ms)
  ✔ hIST-late.png (99.728083ms)
  ✔ sPLT-late.png (99.166ms)
  ✔ gAMA-invalid.png (104.09525ms)
  ✔ cHRM-invalid.png (119.114875ms)
  ✔ sBIT-invalid.png (119.910666ms)
  ✔ pHYs-invalid.png (113.475042ms)
  ✔ bKGD-invalid.png (109.906917ms)
  ✔ tIME-invalid.png (99.317542ms)
  ✔ eXIf-invalid.png (106.292958ms)
  ✔ hIST-invalid.png (102.175416ms)
  ✔ sPLT-invalid.png (107.087959ms)
  ✔ zTXt-extra-stream.png (102.915958ms)
  ✔ zTXt-keyword.png (99.785792ms)
  ✔ iCCP-extra-stream.png (108.436375ms)
  ✔ iCCP-keyword.png (104.011334ms)
  ✔ itxt-extra-stream.png (117.238791ms)
  ✔ itxt-invalid-utf8.png (108.778833ms)
  ✔ text-invalid-keyword.png (108.852083ms)
  ✔ text-null.png (107.769542ms)
  ✔ plte-empty.png (102.921791ms)
  ✔ plte-short.png (115.303541ms)
  ✔ plte-too-many.png (107.461458ms)
  ✔ plte-gray.png (109.596834ms)
  ✔ plte-missing.png (104.369459ms)
  ✔ plte-after-trns.png (103.349084ms)
  ✔ srgb-after-plte.png (103.492834ms)
  ✔ trns-palette-long.png (112.039875ms)
  ✔ palette-index.png (112.453125ms)
  ✔ reviewer-srgb-bad-size.png (104.301208ms)
  ✔ reviewer-srgb-bad-intent.png (102.815042ms)
  ✔ reviewer-trns-rgba.png (102.714ms)
  ✔ reviewer-icc-after-idat.png (109.002625ms)
  ✔ reviewer-valid-unknown-icc-before.png (169.661833ms)
  ✔ reviewer-valid-unknown-icc-after.png (162.35375ms)
  ✔ reviewer-exif-after-idat.png (100.248459ms)
  ✔ reviewer-orientation-6-after.png (156.102583ms)
  ✔ reviewer-unknown-critical.png (101.178542ms)
✔ public PNG rejection retains original, exact durable receipt and no usable raster through restart (7407.995958ms)
✔ supported ICC and valid orientation remain explicit through review, approval and export (969.882125ms)
▶ valid PNG depths, palette transparency, split streams, metadata and Adam7 retain independent pixels
  ✔ valid-srgb-0.png (166.724916ms)
  ✔ valid-srgb-1.png (125.05525ms)
  ✔ valid-srgb-2.png (137.930458ms)
  ✔ valid-srgb-3.png (122.938583ms)
  ✔ idat-duplicate-stream.png (118.23425ms)
  ✔ idat-tail.png (131.020125ms)
  ✔ valid-split-idat.png (133.778375ms)
  ✔ valid-text.png (124.565917ms)
  ✔ valid-0-1.png (150.253792ms)
  ✔ valid-3-1.png (140.252333ms)
  ✔ valid-0-2.png (143.907125ms)
  ✔ valid-3-2.png (123.230291ms)
  ✔ valid-0-4.png (136.747417ms)
  ✔ valid-3-4.png (123.043583ms)
  ✔ valid-0-8.png (125.133791ms)
  ✔ valid-3-8.png (129.643334ms)
  ✔ valid-rgb-trns.png (138.192416ms)
  ✔ valid-gray-alpha.png (155.625833ms)
  ✔ valid-adam7-1-False.png (143.017166ms)
  ✔ valid-adam7-1-True.png (142.607708ms)
  ✔ valid-adam7-9-False.png (143.113792ms)
  ✔ valid-adam7-9-True.png (145.778042ms)
✔ valid PNG depths, palette transparency, split streams, metadata and Adam7 retain independent pixels (3456.858459ms)
✔ SIGKILL raster-preparation-before-commit keeps original raster command, operation and encoded source (1100.885125ms)
✔ SIGKILL raster-preparation-after-commit keeps original raster command, operation and encoded source (1207.146ms)
✔ SIGKILL raster-after-worker keeps original raster command, operation and encoded source (1348.6865ms)
✔ SIGKILL raster-before-flush keeps original raster command, operation and encoded source (1164.308459ms)
✔ SIGKILL raster-after-flush keeps original raster command, operation and encoded source (1119.537625ms)
✔ SIGKILL raster-before-rename keeps original raster command, operation and encoded source (1131.042791ms)
✔ SIGKILL raster-after-rename keeps original raster command, operation and encoded source (1157.312583ms)
✔ SIGKILL raster-after-directory-sync keeps original raster command, operation and encoded source (1153.167583ms)
✔ SIGKILL raster-before-register keeps original raster command, operation and encoded source (1144.408166ms)
✔ SIGKILL asset-before-commit keeps original raster command, operation and encoded source (1387.538333ms)
✔ SIGKILL asset-after-commit keeps original raster command, operation and encoded source (1582.662125ms)
✔ SIGKILL raster-after-register keeps original raster command, operation and encoded source (1134.786791ms)
✔ SIGKILL frozen PNG export raster-before-register reopens exact existing canonical bytes (1301.67725ms)
✔ SIGKILL frozen PNG export raster-after-register reopens exact existing canonical bytes (1236.055708ms)
✔ SIGKILL approval raster-approval-preparation-before-commit preserves identity and requires a live review before publication (1155.611458ms)
✔ SIGKILL approval raster-approval-preparation-after-commit preserves identity and requires a live review before publication (1259.124375ms)
✔ SIGKILL approval raster-approval-after-proofs preserves identity and requires a live review before publication (1194.044ms)
✔ SIGKILL approval raster-approval-before-register preserves identity and requires a live review before publication (1314.111584ms)
✔ SIGKILL approval raster-approval-after-register preserves identity and requires a live review before publication (1460.096625ms)
✔ schema5 preserves dfa383d compatible schema4 and names an actually usable rollback executable (2900.163209ms)
ℹ {"case":"compatible-dfa383d","pending":{"command":{"schemaVersion":1,"commandId":"8cd7e1f8-84db-4024-a74f-230d300270d7","clientId":"client_1","sessionId":"session_1","correlationId":"correlation_1","causationId":null,"transactionId":"79ec9e40-47a8-4c61-b622-a4e2f60cd6e5","documentId":null,"expectedDocumentRevision":null,"expectedEntityVersions":{"hash":"sha256:10584db4c85cf1d5cbd2eda3429934a693b7c26268e63be96dbdb23d6dd42069","byteLength":"33","mediaType":"application/json"},"issuedAt":"2026-09-26T03:00:00.000Z","body":{"type":"PrepareRaster","assetId":"e3f61716-3668-4496-ab05-569d198910ac"}},"hash":"sha256:2a7a1460019052744d3fd36fd5476508fd0ce8ba227c7fba5893407272fa602f","operationId":"5f44bd32-a97a-4fd4-bc0a-197a7987cba8","phase":"preparing"},"originalCommand":{"protocolVersion":1,"command":{"schemaVersion":1,"commandId":"8cd7e1f8-84db-4024-a74f-230d300270d7","clientId":"client_1","sessionId":"session_1","correlationId":"correlation_1","causationId":null,"transactionId":"79ec9e40-47a8-4c61-b622-a4e2f60cd6e5","documentId":null,"expectedDocumentRevision":null,"expectedEntityVersions":{"hash":"sha256:10584db4c85cf1d5cbd2eda3429934a693b7c26268e63be96dbdb23d6dd42069","byteLength":"33","mediaType":"application/json"},"issuedAt":"2026-09-26T03:00:00.000Z","body":{"type":"PrepareRaster","assetId":"e3f61716-3668-4496-ab05-569d198910ac"}}},"migration":{"backup":"schema4-backup-514d52d1-cad5-4005-8278-5bcdaaa75421.sqlite","backupHash":"sha256:72513a94555c58c2429d7922e9dcc90e1334c93656865c90d624180db9cfade0","capability":"raster-pending-approval-v1","from":4,"manifest":{"asset_dependencies":{"count":"5","hash":"7dd3ba48d2c3e62f29ba34352ed358d095382b0d7cad7ef846745fe07237fe6a"},"asset_preparations":{"count":"0","hash":"e3b0c44298fc1c149afbf4c8996fb92427ae41e4649b934ca495991b7852b855"},"assets":{"count":"2","hash":"06bbdffeaeaa3db657575748eb5befd9118b026db47c2a697560aba78732bb53"},"checkpoints":{"count":"0","hash":"e3b0c44298fc1c149afbf4c8996fb92427ae41e4649b934ca495991b7852b855"},"client_bindings":{"count":"1","hash":"21d7917982fc98b905dda9e6a8a756976704ac5d1a7924986b8f26581b3679cb"},"commands":{"count":"4","hash":"efcb695b1818a33cf038069a8f7c17cc66992d58fbe3711fb13472c15de35e23"},"documents":{"count":"1","hash":"f4d22bc668cf2acd1535221e1eb4a536a6ce591cbbea3135f7d60ed3cb221bbe"},"events":{"count":"0","hash":"e3b0c44298fc1c149afbf4c8996fb92427ae41e4649b934ca495991b7852b855"},"events_v2":{"count":"4","hash":"85fb24a8fb88e4d49bbc9946cdd0019cc419e2238b662e1585da74ed5db985c6"},"history":{"count":"1","hash":"04ee455eadf52a3f872739c555d269df62f0fbbbd9ba956db448e98876cd98d9"},"meta":{"count":"2","hash":"d87c92e425c23d08fa64c28dc999865857febec7939bc38326c00e4e19dde1cd"},"objects":{"count":"6","hash":"a80a3d214bbc4eccdc977c5e844b5e20a07f2461dba7e6f30fc81f7463a9fa37"},"raster_preparations":{"count":"1","hash":"251cef4416269efb12cddb2bf70c9571caf0ce087cef97895991caaded3b2929"},"raster_reviews":{"count":"1","hash":"62006960a7e086b3a4fcf50f774bdc6435eec95352a0a830417c45a650decb4e"},"read_releases":{"count":"0","hash":"e3b0c44298fc1c149afbf4c8996fb92427ae41e4649b934ca495991b7852b855"},"roots":{"count":"11","hash":"f5178921639bf3fbf3610c58c50480bcc43874ca5d3a65971efdfd753dca40ec"},"schema_migrations":{"count":"3","hash":"9f7789c1636256b27d68914eafad70200b120d249077dedb7a25eff9a2b02c23"},"snapshot_roots":{"count":"0","hash":"e3b0c44298fc1c149afbf4c8996fb92427ae41e4649b934ca495991b7852b855"},"snapshots":{"count":"0","hash":"e3b0c44298fc1c149afbf4c8996fb92427ae41e4649b934ca495991b7852b855"},"sqlite_schema":"sha256:f6d2f1c9e0cd0a1a37a8fe6de297ea5bfd57c6c1d16db65c0579116c7af5f336","staged_assets":{"count":"3","hash":"646cae42678119399cf19531d3d57953f840edb8efada63a88bb170f5b6a309b"},"transfer_reviews":{"count":"0","hash":"e3b0c44298fc1c149afbf4c8996fb92427ae41e4649b934ca495991b7852b855"}},"manifestFile":"schema4-backup-514d52d1-cad5-4005-8278-5bcdaaa75421.sqlite.manifest.json","rollback":{"compatibleExecutable":"dfa383d56d21bc9c7bb40248db8a503fe33e6e46","pendingApprovals":0},"strategy":"semantic-version-verified-backup-transactional-activation","to":5},"originalHashes":{"objects/sha256/10/10584db4c85cf1d5cbd2eda3429934a693b7c26268e63be96dbdb23d6dd42069":"sha256:10584db4c85cf1d5cbd2eda3429934a693b7c26268e63be96dbdb23d6dd42069","objects/sha256/17/17ef1655b2dc8b87f7c917b80f06713a30627644a46d79c66d7b260f21c34bfd":"sha256:17ef1655b2dc8b87f7c917b80f06713a30627644a46d79c66d7b260f21c34bfd","objects/sha256/2f/2f3e923287f4774cca06e8fdd8434b6c0181d48e5c9948b09bb68561bb9e907c":"sha256:2f3e923287f4774cca06e8fdd8434b6c0181d48e5c9948b09bb68561bb9e907c","objects/sha256/6f/6f24d5e2d2ae2a925db25c429a7fceb690fc7cb53bb909b52438538b4d9ff02d":"sha256:6f24d5e2d2ae2a925db25c429a7fceb690fc7cb53bb909b52438538b4d9ff02d","objects/sha256/b7/b703ce1c98980cbb1dfb0cc6fae32a617f9d6a985e390045ff736ee74839b3fe":"sha256:b703ce1c98980cbb1dfb0cc6fae32a617f9d6a985e390045ff736ee74839b3fe","objects/sha256/cf/cf572f5aabe811670c63de2cbf0e9f86ac25bc84942d190d4c44abf25632a38a":"sha256:cf572f5aabe811670c63de2cbf0e9f86ac25bc84942d190d4c44abf25632a38a"},"oldWriterRefusals":["dfa383d56d21bc9c7bb40248db8a503fe33e6e46","7388d1e625a6ac2c563bc64cca6318d264649acc"],"rollbackResult":{"epoch":"2","state":{"record":{"hash":"sha256:2a7a1460019052744d3fd36fd5476508fd0ce8ba227c7fba5893407272fa602f","command":{"body":{"assetId":"e3f61716-3668-4496-ab05-569d198910ac","type":"PrepareRaster"},"causationId":null,"clientId":"client_1","commandId":"8cd7e1f8-84db-4024-a74f-230d300270d7","correlationId":"correlation_1","documentId":null,"expectedDocumentRevision":null,"expectedEntityVersions":{"byteLength":"33","hash":"sha256:10584db4c85cf1d5cbd2eda3429934a693b7c26268e63be96dbdb23d6dd42069","mediaType":"application/json"},"issuedAt":"2026-09-26T03:00:00.000Z","schemaVersion":1,"sessionId":"session_1","transactionId":"79ec9e40-47a8-4c61-b622-a4e2f60cd6e5"},"receipt":{"commandId":"8cd7e1f8-84db-4024-a74f-230d300270d7","documentRevision":null,"fromSeq":"5","status":"accepted","toSeq":"5","transactionId":"79ec9e40-47a8-4c61-b622-a4e2f60cd6e5"}},"pending":null}}}
✔ schema5 preserves 7388d1e pending approval and names an actually usable rollback executable (2170.243334ms)
ℹ {"case":"existing-7388d1e-approval","pending":{"command":{"schemaVersion":1,"commandId":"8c6eb0ac-0503-4608-a623-53311699e144","clientId":"client_1","sessionId":"session_1","correlationId":"correlation_1","causationId":null,"transactionId":"84c5e48e-b56f-4405-87e4-b2912c3b8089","documentId":null,"expectedDocumentRevision":null,"expectedEntityVersions":{"hash":"sha256:10584db4c85cf1d5cbd2eda3429934a693b7c26268e63be96dbdb23d6dd42069","byteLength":"33","mediaType":"application/json"},"issuedAt":"2026-09-26T03:00:00.000Z","body":{"type":"ApproveRaster","assetId":"d081cf1d-ae69-4fe3-af1e-819831b2884a","reviewId":"5829c02d-e27a-46f2-b4dc-2ec0c88adda5","reviewHash":"sha256:2436c0529f002125bd299de47b724952fe64e2acb90183e86cc611c5115c595f"}},"hash":"sha256:df76f8841ee6a06bc41ac6e8402662609ca993d4438c7808dc32748ea0dd8e8a","operationId":"35daae0f-ec6b-4fec-a0de-993e5cbca40e","phase":"preparing"},"originalCommand":{"protocolVersion":1,"command":{"schemaVersion":1,"commandId":"8c6eb0ac-0503-4608-a623-53311699e144","clientId":"client_1","sessionId":"session_1","correlationId":"correlation_1","causationId":null,"transactionId":"84c5e48e-b56f-4405-87e4-b2912c3b8089","documentId":null,"expectedDocumentRevision":null,"expectedEntityVersions":{"hash":"sha256:10584db4c85cf1d5cbd2eda3429934a693b7c26268e63be96dbdb23d6dd42069","byteLength":"33","mediaType":"application/json"},"issuedAt":"2026-09-26T03:00:00.000Z","body":{"type":"ApproveRaster","assetId":"d081cf1d-ae69-4fe3-af1e-819831b2884a","reviewId":"5829c02d-e27a-46f2-b4dc-2ec0c88adda5","reviewHash":"sha256:2436c0529f002125bd299de47b724952fe64e2acb90183e86cc611c5115c595f"}}},"migration":{"backup":"schema4-backup-ecd09111-1ba4-45c9-b57d-8e6044916a0f.sqlite","backupHash":"sha256:7861990ea073869cdc32005e8f4ce24467da21b2e72543fc71e3c418ca80ee3d","capability":"raster-pending-approval-v1","from":4,"manifest":{"asset_dependencies":{"count":"5","hash":"23da1da36b1fd5cde0db5cfcb1435e766acdbe546697d734d38f45e44b6bb24d"},"asset_preparations":{"count":"0","hash":"e3b0c44298fc1c149afbf4c8996fb92427ae41e4649b934ca495991b7852b855"},"assets":{"count":"2","hash":"b378a1d106a15c0b40f3e7a5d279f466f09a4e7e0c516106b561f80476834045"},"checkpoints":{"count":"0","hash":"e3b0c44298fc1c149afbf4c8996fb92427ae41e4649b934ca495991b7852b855"},"client_bindings":{"count":"1","hash":"e39a4dbf36fdca499575549c4793e398306d32b2ab62041b50c2ef8f0696b9b0"},"commands":{"count":"4","hash":"bc390469f65da0f3ecb06116714372d05e54846c962e323e9efc01b027076532"},"documents":{"count":"1","hash":"15b14193b9a7ee921cc8a9355e4dbad7e9d3ee514589a421273f2c8355a43b9a"},"events":{"count":"0","hash":"e3b0c44298fc1c149afbf4c8996fb92427ae41e4649b934ca495991b7852b855"},"events_v2":{"count":"4","hash":"8f632d735a527593127ac42cca852f2bd6bf4b5acdd77ea741ed17be4e7541a4"},"history":{"count":"1","hash":"97a2b8366079c10c70f7eedad0bf07474dd472ae68adaa302fbb7db087f1c4d7"},"meta":{"count":"2","hash":"d87c92e425c23d08fa64c28dc999865857febec7939bc38326c00e4e19dde1cd"},"objects":{"count":"6","hash":"0cbc048a3ef177fd1081bc3fb5a5b82fe6278a9d61a2f34955f8392516afcfa6"},"raster_preparations":{"count":"1","hash":"5a3f64f0147df33ac8a23322ec9c26b683f53f627102bd86bf9778a63601e6b7"},"raster_reviews":{"count":"1","hash":"ad38a4c35614ef6ca26208eaf9fdf210d301d91614bb047ddfde65897849cbcd"},"read_releases":{"count":"0","hash":"e3b0c44298fc1c149afbf4c8996fb92427ae41e4649b934ca495991b7852b855"},"roots":{"count":"11","hash":"478c1556966ea5c15a5d677f8654c41295fdf0998bd9625d20886224209a5d0f"},"schema_migrations":{"count":"3","hash":"9f7789c1636256b27d68914eafad70200b120d249077dedb7a25eff9a2b02c23"},"snapshot_roots":{"count":"0","hash":"e3b0c44298fc1c149afbf4c8996fb92427ae41e4649b934ca495991b7852b855"},"snapshots":{"count":"0","hash":"e3b0c44298fc1c149afbf4c8996fb92427ae41e4649b934ca495991b7852b855"},"sqlite_schema":"sha256:f6d2f1c9e0cd0a1a37a8fe6de297ea5bfd57c6c1d16db65c0579116c7af5f336","staged_assets":{"count":"3","hash":"09198f10adc1b2ca38853c5bfa484c93c031fdc569b63bc8c5587ccc22eb639d"},"transfer_reviews":{"count":"0","hash":"e3b0c44298fc1c149afbf4c8996fb92427ae41e4649b934ca495991b7852b855"}},"manifestFile":"schema4-backup-ecd09111-1ba4-45c9-b57d-8e6044916a0f.sqlite.manifest.json","rollback":{"compatibleExecutable":"7388d1e625a6ac2c563bc64cca6318d264649acc","pendingApprovals":1},"strategy":"semantic-version-verified-backup-transactional-activation","to":5},"originalHashes":{"objects/sha256/10/10584db4c85cf1d5cbd2eda3429934a693b7c26268e63be96dbdb23d6dd42069":"sha256:10584db4c85cf1d5cbd2eda3429934a693b7c26268e63be96dbdb23d6dd42069","objects/sha256/2f/2f3e923287f4774cca06e8fdd8434b6c0181d48e5c9948b09bb68561bb9e907c":"sha256:2f3e923287f4774cca06e8fdd8434b6c0181d48e5c9948b09bb68561bb9e907c","objects/sha256/6f/6f24d5e2d2ae2a925db25c429a7fceb690fc7cb53bb909b52438538b4d9ff02d":"sha256:6f24d5e2d2ae2a925db25c429a7fceb690fc7cb53bb909b52438538b4d9ff02d","objects/sha256/81/816174a29176cd13c6d596eebc766920ace339313d27591f6c367cb756100dda":"sha256:816174a29176cd13c6d596eebc766920ace339313d27591f6c367cb756100dda","objects/sha256/b7/b703ce1c98980cbb1dfb0cc6fae32a617f9d6a985e390045ff736ee74839b3fe":"sha256:b703ce1c98980cbb1dfb0cc6fae32a617f9d6a985e390045ff736ee74839b3fe","objects/sha256/cf/cf572f5aabe811670c63de2cbf0e9f86ac25bc84942d190d4c44abf25632a38a":"sha256:cf572f5aabe811670c63de2cbf0e9f86ac25bc84942d190d4c44abf25632a38a"},"oldWriterRefusals":["dfa383d56d21bc9c7bb40248db8a503fe33e6e46","7388d1e625a6ac2c563bc64cca6318d264649acc"],"rollbackResult":{"epoch":"2","state":{"record":{"hash":"sha256:df76f8841ee6a06bc41ac6e8402662609ca993d4438c7808dc32748ea0dd8e8a","command":{"body":{"assetId":"d081cf1d-ae69-4fe3-af1e-819831b2884a","reviewHash":"sha256:2436c0529f002125bd299de47b724952fe64e2acb90183e86cc611c5115c595f","reviewId":"5829c02d-e27a-46f2-b4dc-2ec0c88adda5","type":"ApproveRaster"},"causationId":null,"clientId":"client_1","commandId":"8c6eb0ac-0503-4608-a623-53311699e144","correlationId":"correlation_1","documentId":null,"expectedDocumentRevision":null,"expectedEntityVersions":{"byteLength":"33","hash":"sha256:10584db4c85cf1d5cbd2eda3429934a693b7c26268e63be96dbdb23d6dd42069","mediaType":"application/json"},"issuedAt":"2026-09-26T03:00:00.000Z","schemaVersion":1,"sessionId":"session_1","transactionId":"84c5e48e-b56f-4405-87e4-b2912c3b8089"},"receipt":{"code":"INVALID_INPUT","commandId":"8c6eb0ac-0503-4608-a623-53311699e144","currentRevision":null,"details":{"byteLength":"83","hash":"sha256:903e1f9b1e3d7cc9d4011a3d0bb14d42330c60032c0e9c535d6edc4c564e9fb9","mediaType":"application/json"},"status":"rejected"}},"pending":null}}}
✔ unknown future storage is inspected without mutation and returns explicit recovery guidance (890.530458ms)
✔ schema5 capacity failure retains schema4 and every request, then retries safely (1371.918875ms)
✔ backup corruption fails verification before activation, retains evidence, and retries without changing requests (1192.392416ms)
✔ activation rechecks the verified database backup before publishing schema5 (1250.909209ms)
✔ activation rechecks the verified manifest backup before publishing schema5 (1262.372958ms)
✔ SIGKILL approval-schema-before-backup preserves pending approval and restarts exactly (1257.762666ms)
✔ SIGKILL approval-schema-backup-written preserves pending approval and restarts exactly (1277.956792ms)
✔ SIGKILL approval-schema-backup-verified preserves pending approval and restarts exactly (1387.558041ms)
✔ SIGKILL approval-schema-before-activation preserves pending approval and restarts exactly (1500.411666ms)
✔ SIGKILL approval-schema-after-activation preserves pending approval and restarts exactly (1573.158375ms)
✔ shared two IO slots, combined64 preparations, exact pending identity and conflicting writer command (7772.397042ms)
✔ disk admission retains pending identity and later resumes same operation; original bytes are retained (1085.967208ms)
✔ raster typed snapshots retain full closure and exact pixels after full-log and snapshot reopen (3150.783625ms)
✔ schema4 migration preserves exact approvede8b9f1a data and its prior-code rollback (1130.001709ms)
✔ SEC01/02: exact OS-selected origin, anonymous shell, authenticated typed session/capabilities (308.326042ms)
✔ SEC01: hostile hosts, origins, duplicate and forwarded headers do not consume pairing (338.403875ms)
✔ SEC02: missing-Origin reads require both same-origin metadata and LP-1 marker; no navigation bypass (435.889041ms)
✔ SEC03: one-use pairing is atomic and expires at precisely five minutes (424.054791ms)
✔ SEC03: rotation, revoke and concurrent pending mutations invalidate old credentials (442.154708ms)
✔ SEC03: exact idle and absolute expiry; valid reads slide idle but renewal cannot extend twelve hours (569.903916ms)
✔ LP-1: strict bounded UTF-8 JSON and exact route envelopes reject before pairing effects (382.206417ms)
✔ session boundary: implemented routes stay authenticated, unfinished routes deny access, and keys never reach responses (395.64825ms)
✔ SEC06: real private root/file permissions, symlink and insecure-root rejection (751.309125ms)
✔ SEC03/06: root replacement invalidates the running boundary without modifying user data (369.904ms)
✔ SEC06: filesystem-equivalent static/private roots and either ancestor relationship are rejected (391.597333ms)
ℹ Host supports case aliases.
✔ SEC03: actual killed-process restart rejects old cookie, CSRF and unused pairing; leaves root data intact (710.924ms)
✔ SEC03/05: trusted static build and synchronous fragment-removal contract before shell resources (344.887042ms)
✔ Launcher: private fragment goes only to browser callback; executable launch records an OS-selected origin (873.334208ms)
✔ OS ownership: competing processes and case aliases refuse; death releases ownership and fences old callbacks (1175.675792ms)
ℹ Host resolves case aliases; actual alias contention was exercised.
✔ NewDocument and named checkpoint persist exact facts, history and receipt; replay has no effects (808.3165ms)
ℹ {"runtime":"26.10.0","sqlite":{"version":"3.53.4","source":"2026-07-24 19:02:57 bf7c7f30031888f4e796e429ab3978879485813aaca6f641c7b33e4e09459bcc"},"settings":{"journal_mode":"wal","synchronous":2,"foreign_keys":1,"busy_timeout":250,"fullfsync":1,"checkpoint_fullfsync":1,"page_size":4096,"page_count":100,"max_page_count":4294967294},"filesystem":{"type":"26","blockSize":"4096","availableBytes":"589735796736","totalBytes":"1995165736960"},"resources":{"ioChunkBytes":1048576,"maxTransfers":2,"admissionOverheadPercent":25,"freeMarginBytes":"1073741824","metadataHeadroomBytes":"67108864","metadataHeadroomPhysicallyPreallocated":false,"snapshotTailCeiling":500},"observations":{"appendMs":[],"replayMs":14.871625000000023,"snapshot":{"target":250,"pressure":false,"latest":null,"buildMs":0,"sliceMaxMs":0,"activationMs":0},"qualification":false},"memory":{"rss":97910784,"heapTotal":16138240,"heapUsed":12556824,"external":5856127,"arrayBuffers":1442751}}
✔ canonical delivery: whitespace/key order retry once; changed provenance or Unicode conflicts without replacement (448.278ms)
✔ public command boundary rejects duplicate keys, unknown fields/types, malformed UTF-8 and oversize without receipts (386.262959ms)
✔ concurrent revision race accepts exactly one checkpoint and durably rejects the stale draft (822.322ms)
✔ all five rejection codes retain exact details; no rejection advances document sequence (1032.74275ms)
✔ missing or corrupt immutable bytes cannot become accepted references and remain visible at restart (914.834542ms)
✔ streamed objects verify actual lengths/hashes, deduplicate bytes, retain orphans and obey admission reservations (1245.383167ms)
✔ root modes, hardlinks, symlink subfiles and replaced paths fail closed without touching targets (984.428667ms)
✔ application-data defaults are explicit and refuse silent migration of the earlier root (1.236958ms)
✔ large event content is rejected without truncation; real snapshots preserve history past 500 events (3729.387667ms)
✔ SIGKILL at before-object-write: unfinished bytes never appear as an accepted document (679.292959ms)
✔ SIGKILL at before-object-flush: unfinished bytes never appear as an accepted document (633.554958ms)
✔ SIGKILL at after-object-flush: unfinished bytes never appear as an accepted document (623.579625ms)
✔ SIGKILL at before-object-rename: unfinished bytes never appear as an accepted document (587.148875ms)
✔ SIGKILL at after-object-rename: unfinished bytes never appear as an accepted document (601.789625ms)
✔ SIGKILL at after-object-directory-sync: unfinished bytes never appear as an accepted document (601.220791ms)
✔ SIGKILL at before-event-insert: receipt, event, roots and projection recover together; same-ID retry resolves lost delivery (852.339417ms)
✔ SIGKILL at before-commit: receipt, event, roots and projection recover together; same-ID retry resolves lost delivery (892.815292ms)
✔ SIGKILL at after-commit: receipt, event, roots and projection recover together; same-ID retry resolves lost delivery (865.379042ms)
✔ real SQLite SQLITE_FULL rolls back acceptance and rejection receipts, then exact retry succeeds after capacity returns (889.698958ms)
✔ real filesystem permission failure during rename leaves no accepted reference and can retry unchanged bytes (593.621625ms)
✔ SQLite busy timeout is bounded off the parent event loop; failed mutation has no durable receipt (665.057042ms)
ℹ {"busyTimeoutObservedMs":285.43983300000036,"parentResponseDuringWorkerBusyMs":0.5035829999997077,"performanceQualification":false}
✔ all durable subfiles remain owner-only, including WAL, shared-memory file and abandoned staging (348.005709ms)
✔ durable font parser is exactly the approved bounded parser algorithm (1.29175ms)
✔ real font worker refuses restricted and corrupt staged bytes without altering the document (694.493958ms)
✔ text realms share the writer budget; retries renew one owner and explicit release returns capacity (469.329625ms)
✔ schema9 fences the actual approved renderer foundation writer and verifies schema8 rollback including pending portable captures (2268.867208ms)
ℹ {"migration":{"backup":"schema8-backup-ba5d2688-a6bf-455c-8b26-e9ef707c15e0.sqlite","backupHash":"sha256:a2fd33b23b42d90b72fcc0b10acdd824ce66017cb9d93534d13954b2c2dcdb12","capability":"durable-text-v1-pf3-projection4","from":8,"manifest":{"asset_dependencies":{"count":"0","hash":"e3b0c44298fc1c149afbf4c8996fb92427ae41e4649b934ca495991b7852b855"},"asset_preparations":{"count":"0","hash":"e3b0c44298fc1c149afbf4c8996fb92427ae41e4649b934ca495991b7852b855"},"assets":{"count":"0","hash":"e3b0c44298fc1c149afbf4c8996fb92427ae41e4649b934ca495991b7852b855"},"checkpoints":{"count":"0","hash":"e3b0c44298fc1c149afbf4c8996fb92427ae41e4649b934ca495991b7852b855"},"client_bindings":{"count":"1","hash":"4900aaed843dd556323bca6dbf1fe2f093e2db30316dc7db4981b1a9e020c5b9"},"commands":{"count":"4","hash":"361d64f5e17eff8f274cfc5584a83e15cc05ffd39aef244f2a2c87982449592f"},"documents":{"count":"2","hash":"e3047d593539d9118e3ae8e44938aa54dc07dd94b75547f2200928f6ae52a981"},"events":{"count":"0","hash":"e3b0c44298fc1c149afbf4c8996fb92427ae41e4649b934ca495991b7852b855"},"events_v2":{"count":"4","hash":"22413dacbe3e6d97c578a9f23dd286c6bbd6ddc4dce4da2e9339a832b30d1f9b"},"history":{"count":"2","hash":"fa9904639482bf0db50e3361022c6f16564630289300974f4f1597d57e81795c"},"history_preparations":{"count":"0","hash":"e3b0c44298fc1c149afbf4c8996fb92427ae41e4649b934ca495991b7852b855"},"image_edit_reviews":{"count":"0","hash":"e3b0c44298fc1c149afbf4c8996fb92427ae41e4649b934ca495991b7852b855"},"image_previews":{"count":"0","hash":"e3b0c44298fc1c149afbf4c8996fb92427ae41e4649b934ca495991b7852b855"},"meta":{"count":"2","hash":"821a4178fd4871ad8facd081bfcfddf32ab8f80baa23c2e2ca1ccb288bfd3fe0"},"objects":{"count":"4","hash":"32023814a621246940686cb6574278eeb2b3d878820fc32d7a9f2eacec4e6807"},"portable_bundles":{"count":"1","hash":"2e1e05781d3fa1924255ae667ec7371bf0c567f0cb9dd16bcd0b526d92cfcaba"},"portable_cancellations":{"count":"0","hash":"e3b0c44298fc1c149afbf4c8996fb92427ae41e4649b934ca495991b7852b855"},"portable_maps":{"count":"3","hash":"5ab232699c6e85447b11cd5540cbe27658708c4b93fbf85ab1a163b3f3b0588c"},"portable_namespaces":{"count":"1","hash":"e7ee0b6214910c93a365d4a170a5b55c8c1120eaf62e121bc793663efe9c29a8"},"portable_pins":{"count":"1","hash":"518a9f50900239e6f09f00c230c9d58d800c6729ac887aaa8d2fe63ff8c477a5"},"portable_preparations":{"count":"1","hash":"ad4e92bdbbb069f8c7a1dbba7c24b841ad4de16a39d907f596aebd65316701e5"},"portable_quarantined_hashes":{"count":"0","hash":"e3b0c44298fc1c149afbf4c8996fb92427ae41e4649b934ca495991b7852b855"},"portable_review_maps":{"count":"3","hash":"3e14e7fd81b69180766f7b8de0f887605470ca402ec022c824ef79f27a0a77c9"},"portable_review_sources":{"count":"1","hash":"b57ccfa4a4fb49466084bcd2f36d1a2fc485fe44a574c8d24bf0135f3fe0cdcd"},"portable_reviews":{"count":"1","hash":"92264175fc9e9526a3af02a654ab313f95cf34fc8657145e6d210f30cbf018d6"},"portable_rows":{"count":"2","hash":"67f1c04a108abb07fe1eaf3f0751b9aec123851251435c376a0da61b0b86d000"},"raster_preparations":{"count":"0","hash":"e3b0c44298fc1c149afbf4c8996fb92427ae41e4649b934ca495991b7852b855"},"raster_reviews":{"count":"0","hash":"e3b0c44298fc1c149afbf4c8996fb92427ae41e4649b934ca495991b7852b855"},"read_releases":{"count":"0","hash":"e3b0c44298fc1c149afbf4c8996fb92427ae41e4649b934ca495991b7852b855"},"roots":{"count":"10","hash":"eb47e77e0697c43e1e99d172b9f2d745313d51a0845e82942b97277e8bb0aa78"},"schema_migrations":{"count":"7","hash":"de1b90124617af7062cd69a7c1e723908237245abbd91685e8c6616bb58610bb"},"snapshot_roots":{"count":"0","hash":"e3b0c44298fc1c149afbf4c8996fb92427ae41e4649b934ca495991b7852b855"},"snapshots":{"count":"0","hash":"e3b0c44298fc1c149afbf4c8996fb92427ae41e4649b934ca495991b7852b855"},"sqlite_schema":"sha256:f1c80afb8934ee4c3efb36dda413a29674e6969d65ff3bbceffe060025e018e5","staged_assets":{"count":"1","hash":"a393bd7087fb95de84c4567edb2b96414df8fae1281a14be93d199a074ec186f"},"transfer_reviews":{"count":"0","hash":"e3b0c44298fc1c149afbf4c8996fb92427ae41e4649b934ca495991b7852b855"},"ui_checkpoints":{"count":"0","hash":"e3b0c44298fc1c149afbf4c8996fb92427ae41e4649b934ca495991b7852b855"},"ui_events":{"count":"0","hash":"e3b0c44298fc1c149afbf4c8996fb92427ae41e4649b934ca495991b7852b855"},"ui_receipts":{"count":"0","hash":"e3b0c44298fc1c149afbf4c8996fb92427ae41e4649b934ca495991b7852b855"}},"manifestFile":"schema8-backup-ba5d2688-a6bf-455c-8b26-e9ef707c15e0.sqlite.manifest.json","rollback":{"compatibleExecutable":"dcd5f11dbd57cd7ed00c8ddf410857ce4700440e"},"strategy":"semantic-version-verified-backup-transactional-activation","to":9},"priorRefusal":"UNSUPPORTED_STORAGE","rollbackCommand":"d77bfad8-9da6-4877-bde9-403dcfe9c66d","rollbackReceipt":{"commandId":"d77bfad8-9da6-4877-bde9-403dcfe9c66d","documentRevision":"1","fromSeq":"5","status":"accepted","toSeq":"5","transactionId":"be4ffb24-0e94-47b3-9604-16fe7b57f0a1"},"allOriginalTablesAndFilesPreserved":true}
✔ schema9 capacity refusal leaves schema8 and exact pending requests intact (1529.301083ms)
✔ schema9 activation refuses changed backup-written without altering source (1583.518542ms)
✔ schema9 activation refuses changed database without altering source (1469.5385ms)
✔ schema9 activation refuses changed manifest without altering source (1445.201917ms)
✔ schema9 SIGKILL before-backup retains pending identity and original portable files (1551.451667ms)
✔ schema9 SIGKILL backup-written retains pending identity and original portable files (1467.280667ms)
✔ schema9 SIGKILL backup-verified retains pending identity and original portable files (1426.841ms)
✔ schema9 SIGKILL before-activation retains pending identity and original portable files (1380.787375ms)
✔ schema9 SIGKILL after-activation retains pending identity and original portable files (1403.494167ms)
ℹ tests 519
ℹ suites 0
ℹ pass 519
ℹ fail 0
ℹ cancelled 0
ℹ skipped 0
ℹ todo 0
ℹ duration_ms 518895.357167
